{
  "algorithm": "Window",
  "cpd_params": {
    "model": "rbf",
    "min_size": 28,
    "jump": 1,
    "pen": 1.7099759466766964,
    "width": 28
  },
  "original": {
    "n_detected": 0,
    "n_true": 2,
    "tp": 0,
    "tn": 364,
    "fp": 0,
    "fn": 2,
    "tp_rate": 0,
    "fp_rate": 0,
    "precision": 0.0,
    "recall": 0.0,
    "f1_score": 0.0,
    "gmean": 0.0,
    "covering": 0.1863597002000657,
    "rand_index": 0.34727150235796095
  },
  "residuals": {
    "n_detected": 3,
    "n_true": 2,
    "tp": 2,
    "tn": 363,
    "fp": 1,
    "fn": 0,
    "tp_rate": 1.0,
    "fp_rate": 0.0027472527472527475,
    "precision": 0.6666666666666666,
    "recall": 1.0,
    "f1_score": 0.8,
    "gmean": 0.998625428903524,
    "covering": 0.8445132151221144,
    "rand_index": 0.9457444419492477
  }
}