{
  "count": 366,
  "mean": 16746.473593932667,
  "std": 17768.70290059069,
  "min": 0.13383292933679414,
  "max": 76570.34787326018,
  "median": 12028.289337869053
}