{
  "count": 366,
  "mean": 2676.7526779981135,
  "std": 3321.0817016239903,
  "min": 0.0427906781781644,
  "max": 19540.973289307785,
  "median": 1348.6580930573982
}