{
  "count": 365,
  "mean": 229486286.4146802,
  "std": 135773816.77836072,
  "min": 197424.29600334167,
  "max": 631617119.5244055,
  "median": 215301614.33201694
}