{
  "best_params": {
    "trend_order": 1,
    "selected_lags": [
      1,
      2,
      3,
      4,
      5,
      6,
      7,
      8,
      12,
      13,
      14,
      15
    ],
    "fourier_order": 2,
    "use_weekly": true,
    "lasso_alpha": 10.0,
    "mlp_hidden": [
      64,
      32,
      128,
      64
    ],
    "mlp_lr": 0.001
  },
  "metrics": {
    "rmse": 615871195.5680615,
    "mae": 505991377.7454155,
    "mape": 1.9882188223066108
  },
  "algorithm": "HybridLassoMLP"
}