{
  "algorithm": "KernelCPD",
  "cpd_params": {
    "kernel": "rbf",
    "min_size": 28,
    "jump": 1,
    "pen": 3.0807751387916715
  },
  "original": {
    "n_detected": 4,
    "n_true": 4,
    "tp": 4,
    "tn": 361,
    "fp": 0,
    "fn": 0,
    "tp_rate": 1.0,
    "fp_rate": 0,
    "precision": 1.0,
    "recall": 1.0,
    "f1_score": 1.0,
    "gmean": 1.0,
    "covering": 0.9842868654311039,
    "rand_index": 0.9932259521300617
  },
  "residuals": {
    "n_detected": 5,
    "n_true": 4,
    "tp": 2,
    "tn": 358,
    "fp": 3,
    "fn": 2,
    "tp_rate": 0.5,
    "fp_rate": 0.008310249307479225,
    "precision": 0.4,
    "recall": 0.5,
    "f1_score": 0.4444444444444445,
    "gmean": 0.7041625347505079,
    "covering": 0.6080560991519895,
    "rand_index": 0.8542525967183502
  }
}