{
  "algorithm": "Window",
  "cpd_params": {
    "model": "mahalanobis",
    "min_size": 28,
    "jump": 1,
    "pen": 0.049999999999999996,
    "width": 28
  },
  "original": {
    "n_detected": 5,
    "n_true": 3,
    "tp": 2,
    "tn": 359,
    "fp": 3,
    "fn": 1,
    "tp_rate": 0.6666666666666666,
    "fp_rate": 0.008287292817679558,
    "precision": 0.4,
    "recall": 0.6666666666666666,
    "f1_score": 0.5,
    "gmean": 0.8131062690621771,
    "covering": 0.4108596386738138,
    "rand_index": 0.7768327562848111
  },
  "residuals": {
    "n_detected": 6,
    "n_true": 3,
    "tp": 1,
    "tn": 357,
    "fp": 5,
    "fn": 2,
    "tp_rate": 0.3333333333333333,
    "fp_rate": 0.013812154696132596,
    "precision": 0.16666666666666666,
    "recall": 0.3333333333333333,
    "f1_score": 0.2222222222222222,
    "gmean": 0.5733491796174088,
    "covering": 0.391160422779556,
    "rand_index": 0.707541773295198
  }
}