{
  "algorithm": "Window",
  "cpd_params": {
    "model": "rbf",
    "min_size": 28,
    "jump": 1,
    "pen": 0.049999999999999996,
    "width": 28
  },
  "original": {
    "n_detected": 6,
    "n_true": 3,
    "tp": 2,
    "tn": 359,
    "fp": 4,
    "fn": 1,
    "tp_rate": 0.6666666666666666,
    "fp_rate": 0.011019283746556474,
    "precision": 0.3333333333333333,
    "recall": 0.6666666666666666,
    "f1_score": 0.4444444444444444,
    "gmean": 0.8119855155741976,
    "covering": 0.5965205754432921,
    "rand_index": 0.7742345983980837
  },
  "residuals": {
    "n_detected": 6,
    "n_true": 3,
    "tp": 1,
    "tn": 358,
    "fp": 5,
    "fn": 2,
    "tp_rate": 0.3333333333333333,
    "fp_rate": 0.013774104683195593,
    "precision": 0.16666666666666666,
    "recall": 0.3333333333333333,
    "f1_score": 0.2222222222222222,
    "gmean": 0.5733602402552879,
    "covering": 0.5195160031225605,
    "rand_index": 0.7531701474661278
  }
}