{
  "best_params": {
    "trend_order": 3,
    "selected_lags": [
      1,
      2,
      3,
      4,
      5,
      6,
      7,
      8,
      13,
      14,
      15,
      17,
      19,
      20,
      22,
      24,
      26,
      28
    ],
    "fourier_order": 6,
    "use_weekly": true,
    "n_neighbors": 5
  },
  "metrics": {
    "rmse": 18.112946880232506,
    "mae": 2.4906901706677593,
    "mape": 0.21968144241053247
  },
  "algorithm": "KNN"
}