{
  "best_params": {
    "trend_order": 5,
    "selected_lags": [
      1,
      3,
      4,
      6,
      9,
      10,
      15,
      16,
      17,
      18,
      19
    ],
    "fourier_order": 8,
    "use_weekly": true,
    "xgb_depth": 7,
    "xgb_n_estimators": 200,
    "xgb_lr": 0.2
  },
  "metrics": {
    "rmse": 83634.91610881175,
    "mae": 63022.39017507095,
    "mape": 8.597097540986205e+18
  },
  "algorithm": "HybridLRXGB"
}