{
  "count": 366,
  "mean": 29993.708661813063,
  "std": 25218.958834047782,
  "min": 74.82416609795928,
  "max": 94387.82216939663,
  "median": 21500.41921494311
}