{
  "count": 366,
  "mean": 2093807.3565109244,
  "std": 2032228.1417180514,
  "min": 66481.16466473474,
  "max": 7197777.947921196,
  "median": 1316135.4913800564
}