{
  "algorithm": "Pelt",
  "cpd_params": {
    "model": "rbf",
    "min_size": 28,
    "jump": 1,
    "pen": 10.0
  },
  "original": {
    "n_detected": 4,
    "n_true": 4,
    "tp": 3,
    "tn": 360,
    "fp": 1,
    "fn": 1,
    "tp_rate": 0.75,
    "fp_rate": 0.002770083102493075,
    "precision": 0.75,
    "recall": 0.75,
    "f1_score": 0.75,
    "gmean": 0.8648250907976307,
    "covering": 0.7414279784142798,
    "rand_index": 0.8870992021676953
  },
  "residuals": {
    "n_detected": 2,
    "n_true": 4,
    "tp": 1,
    "tn": 360,
    "fp": 1,
    "fn": 3,
    "tp_rate": 0.25,
    "fp_rate": 0.002770083102493075,
    "precision": 0.5,
    "recall": 0.25,
    "f1_score": 0.3333333333333333,
    "gmean": 0.49930699897395464,
    "covering": 0.3305560032232071,
    "rand_index": 0.7726479000451604
  }
}