{
  "algorithm": "Window",
  "cpd_params": {
    "model": "rbf",
    "min_size": 28,
    "jump": 1,
    "pen": 0.5268051384453322,
    "width": 28
  },
  "original": {
    "n_detected": 3,
    "n_true": 4,
    "tp": 3,
    "tn": 361,
    "fp": 0,
    "fn": 1,
    "tp_rate": 0.75,
    "fp_rate": 0,
    "precision": 1.0,
    "recall": 0.75,
    "f1_score": 0.8571428571428571,
    "gmean": 0.8660254037844386,
    "covering": 0.5130987554839288,
    "rand_index": 0.9430678910130965
  },
  "residuals": {
    "n_detected": 5,
    "n_true": 4,
    "tp": 2,
    "tn": 358,
    "fp": 3,
    "fn": 2,
    "tp_rate": 0.5,
    "fp_rate": 0.008310249307479225,
    "precision": 0.4,
    "recall": 0.5,
    "f1_score": 0.4444444444444445,
    "gmean": 0.7041625347505079,
    "covering": 0.5661823542704645,
    "rand_index": 0.8457323498419389
  }
}