{
  "count": 366,
  "mean": 2.860450123266929,
  "std": 17.93058751352786,
  "min": 0.004767498709108864,
  "max": 343.74283621263834,
  "median": 1.4356839230282885
}