{
  "algorithm": "Pelt",
  "cpd_params": {
    "model": "l1",
    "min_size": 28,
    "jump": 1,
    "pen": 10.0
  },
  "original": {
    "n_detected": 0,
    "n_true": 2,
    "tp": 0,
    "tn": 364,
    "fp": 0,
    "fn": 2,
    "tp_rate": 0,
    "fp_rate": 0,
    "precision": 0.0,
    "recall": 0.0,
    "f1_score": 0.0,
    "gmean": 0.0,
    "covering": 0.1863597002000657,
    "rand_index": 0.34727150235796095
  },
  "residuals": {
    "n_detected": 3,
    "n_true": 2,
    "tp": 1,
    "tn": 362,
    "fp": 2,
    "fn": 1,
    "tp_rate": 0.5,
    "fp_rate": 0.005494505494505495,
    "precision": 0.3333333333333333,
    "recall": 0.5,
    "f1_score": 0.4,
    "gmean": 0.705161504375237,
    "covering": 0.3801754939050021,
    "rand_index": 0.7797290216333558
  }
}