{
  "algorithm": "Pelt",
  "cpd_params": {
    "model": "rank",
    "min_size": 28,
    "jump": 1,
    "pen": 10.0
  },
  "original": {
    "n_detected": 4,
    "n_true": 3,
    "tp": 1,
    "tn": 360,
    "fp": 3,
    "fn": 2,
    "tp_rate": 0.3333333333333333,
    "fp_rate": 0.008264462809917356,
    "precision": 0.25,
    "recall": 0.3333333333333333,
    "f1_score": 0.28571428571428575,
    "gmean": 0.5749595745760689,
    "covering": 0.2877151474353898,
    "rand_index": 0.7146493000973126
  },
  "residuals": {
    "n_detected": 2,
    "n_true": 3,
    "tp": 0,
    "tn": 361,
    "fp": 2,
    "fn": 3,
    "tp_rate": 0,
    "fp_rate": 0.005509641873278237,
    "precision": 0.0,
    "recall": 0.0,
    "f1_score": 0.0,
    "gmean": 0.0,
    "covering": 0.06152173501994819,
    "rand_index": 0.62877460887791
  }
}