{
  "algorithm": "BottomUp",
  "cpd_params": {
    "model": "clinear",
    "min_size": 28,
    "jump": 1,
    "pen": 5.550473077848112
  },
  "original": {
    "n_detected": 5,
    "n_true": 6,
    "tp": 1,
    "tn": 356,
    "fp": 4,
    "fn": 5,
    "tp_rate": 0.16666666666666666,
    "fp_rate": 0.011111111111111112,
    "precision": 0.2,
    "recall": 0.16666666666666666,
    "f1_score": 0.1818181818181818,
    "gmean": 0.40597390903211356,
    "covering": 0.0367801597309794,
    "rand_index": 0.7550714873867804
  },
  "residuals": {
    "n_detected": 4,
    "n_true": 6,
    "tp": 1,
    "tn": 357,
    "fp": 3,
    "fn": 5,
    "tp_rate": 0.16666666666666666,
    "fp_rate": 0.008333333333333333,
    "precision": 0.25,
    "recall": 0.16666666666666666,
    "f1_score": 0.2,
    "gmean": 0.4065436972550156,
    "covering": 0.07753450171482959,
    "rand_index": 0.8170821169249195
  }
}