{
  "algorithm": "Binseg",
  "cpd_params": {
    "model": "rbf",
    "min_size": 28,
    "jump": 1,
    "pen": 0.5268051384453322
  },
  "original": {
    "n_detected": 7,
    "n_true": 3,
    "tp": 2,
    "tn": 358,
    "fp": 5,
    "fn": 1,
    "tp_rate": 0.6666666666666666,
    "fp_rate": 0.013774104683195593,
    "precision": 0.2857142857142857,
    "recall": 0.6666666666666666,
    "f1_score": 0.4,
    "gmean": 0.8108538278945243,
    "covering": 0.6009352669188734,
    "rand_index": 0.7624672505427053
  },
  "residuals": {
    "n_detected": 8,
    "n_true": 3,
    "tp": 1,
    "tn": 356,
    "fp": 7,
    "fn": 2,
    "tp_rate": 0.3333333333333333,
    "fp_rate": 0.01928374655647383,
    "precision": 0.125,
    "recall": 0.3333333333333333,
    "f1_score": 0.18181818181818182,
    "gmean": 0.5717564322458548,
    "covering": 0.4150565964090554,
    "rand_index": 0.7142001646829853
  }
}