{
  "count": 365,
  "mean": 150387741.97630325,
  "std": 162958460.09049532,
  "min": 15809.40093255043,
  "max": 1300249365.7523315,
  "median": 103456705.58891177
}