{
  "best_params": {
    "trend_order": 2,
    "selected_lags": [
      1,
      2,
      3,
      4,
      5,
      6,
      7,
      8,
      9,
      11,
      13,
      14,
      17,
      18,
      20,
      22
    ],
    "fourier_order": 9,
    "use_weekly": true
  },
  "metrics": {
    "rmse": 7590.729692418446,
    "mae": 4965.975295855552,
    "mape": 22.804314113516003
  },
  "algorithm": "ARIMA"
}