{
  "count": 366,
  "mean": 3444.7340459479033,
  "std": 3021.8728912596193,
  "min": 5.258064573637093,
  "max": 15298.421027767985,
  "median": 2488.932158824626
}