{
  "count": 365,
  "mean": 86548662.2889268,
  "std": 95677953.90572108,
  "min": 248807.45811104774,
  "max": 525822653.90267694,
  "median": 57637846.69154227
}