{
  "best_params": {
    "trend_order": 5,
    "selected_lags": [
      1,
      3,
      4,
      6,
      9,
      10,
      15,
      16,
      17,
      18,
      19
    ],
    "fourier_order": 8,
    "use_weekly": true,
    "kernel": "linear",
    "C": 1.0
  },
  "metrics": {
    "rmse": 4265.51152478009,
    "mae": 2676.7526779981135,
    "mape": 5.2228886412284664e+16
  },
  "algorithm": "SVR"
}