{
  "best_params": {
    "trend_order": 5,
    "selected_lags": [
      1,
      3,
      4,
      6,
      9,
      10,
      15,
      16,
      17,
      18,
      19
    ],
    "fourier_order": 8,
    "use_weekly": true,
    "lasso_alpha": 0.1,
    "mlp_hidden": [
      64,
      32,
      128,
      64
    ],
    "mlp_lr": 0.001
  },
  "metrics": {
    "rmse": 33818.260170726826,
    "mae": 26942.209851621512,
    "mape": 4.053158941104123e+18
  },
  "algorithm": "HybridLassoMLP"
}