{
  "algorithm": "BottomUp",
  "cpd_params": {
    "model": "rbf",
    "min_size": 28,
    "jump": 1,
    "pen": 10.0
  },
  "original": {
    "n_detected": 2,
    "n_true": 3,
    "tp": 1,
    "tn": 361,
    "fp": 1,
    "fn": 2,
    "tp_rate": 0.3333333333333333,
    "fp_rate": 0.0027624309392265192,
    "precision": 0.5,
    "recall": 0.3333333333333333,
    "f1_score": 0.4,
    "gmean": 0.5765522725826843,
    "covering": 0.5208607949525162,
    "rand_index": 0.9137287370164082
  },
  "residuals": {
    "n_detected": 4,
    "n_true": 3,
    "tp": 1,
    "tn": 359,
    "fp": 3,
    "fn": 2,
    "tp_rate": 0.3333333333333333,
    "fp_rate": 0.008287292817679558,
    "precision": 0.25,
    "recall": 0.3333333333333333,
    "f1_score": 0.28571428571428575,
    "gmean": 0.5749529566791589,
    "covering": 0.4030375223347231,
    "rand_index": 0.7599578503688093
  }
}