{
  "best_params": {
    "trend_order": 5,
    "selected_lags": [
      1,
      3,
      4,
      6,
      9,
      10,
      15,
      16,
      17,
      18,
      19
    ],
    "fourier_order": 8,
    "use_weekly": true,
    "max_depth": 10,
    "n_estimators": 50,
    "learning_rate": 0.5
  },
  "metrics": {
    "rmse": 2403.3690365538982,
    "mae": 1965.926254861272,
    "mape": 2.7558304387856483e+17
  },
  "algorithm": "XGB"
}