{
  "algorithm": "Binseg",
  "cpd_params": {
    "model": "rank",
    "min_size": 28,
    "jump": 1,
    "pen": 0.5268051384453322
  },
  "original": {
    "n_detected": 8,
    "n_true": 6,
    "tp": 2,
    "tn": 354,
    "fp": 6,
    "fn": 4,
    "tp_rate": 0.3333333333333333,
    "fp_rate": 0.016666666666666666,
    "precision": 0.25,
    "recall": 0.3333333333333333,
    "f1_score": 0.28571428571428575,
    "gmean": 0.5725188012439222,
    "covering": 0.3930264094198521,
    "rand_index": 0.7686204057189909
  },
  "residuals": {
    "n_detected": 8,
    "n_true": 6,
    "tp": 1,
    "tn": 353,
    "fp": 7,
    "fn": 5,
    "tp_rate": 0.16666666666666666,
    "fp_rate": 0.019444444444444445,
    "precision": 0.125,
    "recall": 0.16666666666666666,
    "f1_score": 0.14285714285714288,
    "gmean": 0.40425972582725317,
    "covering": 0.38492283266873434,
    "rand_index": 0.7681712703046635
  }
}