{
  "algorithm": "Pelt",
  "cpd_params": {
    "model": "rbf",
    "min_size": 28,
    "jump": 1,
    "pen": 3.0807751387916715
  },
  "original": {
    "n_detected": 4,
    "n_true": 4,
    "tp": 4,
    "tn": 361,
    "fp": 0,
    "fn": 0,
    "tp_rate": 1.0,
    "fp_rate": 0,
    "precision": 1.0,
    "recall": 1.0,
    "f1_score": 1.0,
    "gmean": 1.0,
    "covering": 0.9842868654311039,
    "rand_index": 0.9932259521300617
  },
  "residuals": {
    "n_detected": 7,
    "n_true": 4,
    "tp": 3,
    "tn": 357,
    "fp": 4,
    "fn": 1,
    "tp_rate": 0.75,
    "fp_rate": 0.0110803324099723,
    "precision": 0.42857142857142855,
    "recall": 0.75,
    "f1_score": 0.5454545454545454,
    "gmean": 0.8612141143133458,
    "covering": 0.585095142785351,
    "rand_index": 0.8493000150534397
  }
}