{
  "count": 365,
  "mean": 180695037.00249475,
  "std": 196275490.1648499,
  "min": 858593.9869909286,
  "max": 1163236695.6486912,
  "median": 107830600.04327202
}