{
  "count": 365,
  "mean": 722891869.1950837,
  "std": 584723310.5964725,
  "min": 124409.81814479828,
  "max": 2227111968.9915323,
  "median": 510112401.205884
}