{
  "count": 366,
  "mean": 2510.0481445937116,
  "std": 3208.632050171011,
  "min": 3.824642603177381,
  "max": 17556.51997455064,
  "median": 1157.5505534449346
}