{
  "algorithm": "Binseg",
  "cpd_params": {
    "model": "rbf",
    "min_size": 28,
    "jump": 1,
    "pen": 10.0
  },
  "original": {
    "n_detected": 3,
    "n_true": 3,
    "tp": 3,
    "tn": 362,
    "fp": 0,
    "fn": 0,
    "tp_rate": 1.0,
    "fp_rate": 0,
    "precision": 1.0,
    "recall": 1.0,
    "f1_score": 1.0,
    "gmean": 1.0,
    "covering": 0.9651766402307137,
    "rand_index": 0.9783983140147524
  },
  "residuals": {
    "n_detected": 4,
    "n_true": 3,
    "tp": 2,
    "tn": 360,
    "fp": 2,
    "fn": 1,
    "tp_rate": 0.6666666666666666,
    "fp_rate": 0.0055248618784530384,
    "precision": 0.5,
    "recall": 0.6666666666666666,
    "f1_score": 0.5714285714285715,
    "gmean": 0.8142379415222338,
    "covering": 0.4917808219178082,
    "rand_index": 0.8099804305283758
  }
}