{
  "count": 366,
  "mean": 2088.0113588594772,
  "std": 2986.532531070957,
  "min": 0.004266960034507328,
  "max": 13493.071036185464,
  "median": 229.92881781936964
}