{
  "best_params": {
    "trend_order": 3,
    "selected_lags": [
      1,
      2,
      3,
      4,
      5,
      6,
      7,
      8,
      13,
      14,
      15,
      17,
      19,
      20,
      22,
      24,
      26,
      28
    ],
    "fourier_order": 6,
    "use_weekly": true,
    "alpha": 1000.0
  },
  "metrics": {
    "rmse": 18.157316527724547,
    "mae": 2.860450123266929,
    "mape": 0.25699763161442396
  },
  "algorithm": "Lasso"
}