{
  "algorithm": "Binseg",
  "cpd_params": {
    "model": "rbf",
    "min_size": 28,
    "jump": 1,
    "pen": 1.7099759466766964
  },
  "original": {
    "n_detected": 5,
    "n_true": 4,
    "tp": 4,
    "tn": 360,
    "fp": 1,
    "fn": 0,
    "tp_rate": 1.0,
    "fp_rate": 0.002770083102493075,
    "precision": 0.8,
    "recall": 1.0,
    "f1_score": 0.888888888888889,
    "gmean": 0.9986139979479093,
    "covering": 0.8418211120064464,
    "rand_index": 0.9407797681770285
  },
  "residuals": {
    "n_detected": 6,
    "n_true": 4,
    "tp": 3,
    "tn": 358,
    "fp": 3,
    "fn": 1,
    "tp_rate": 0.75,
    "fp_rate": 0.008310249307479225,
    "precision": 0.5,
    "recall": 0.75,
    "f1_score": 0.6,
    "gmean": 0.8624194530617862,
    "covering": 0.6589041095890411,
    "rand_index": 0.8777359626674696
  }
}