{
  "best_params": {
    "trend_order": 5,
    "selected_lags": [
      1,
      3,
      4,
      6,
      9,
      10,
      15,
      16,
      17,
      18,
      19
    ],
    "fourier_order": 8,
    "use_weekly": true,
    "knn_neighbors": 5,
    "mlp_hidden": [
      64,
      32,
      128,
      64
    ],
    "mlp_lr": 0.001
  },
  "metrics": {
    "rmse": 4456.853605794548,
    "mae": 3053.13992412621,
    "mape": 3.244548005147484e+17
  },
  "algorithm": "HybridKNNMLP"
}