{
  "best_params": {
    "trend_order": 3,
    "selected_lags": [
      1,
      2,
      3,
      4,
      5,
      6,
      7,
      8,
      13,
      14,
      15,
      17,
      19,
      20,
      22,
      24,
      26,
      28
    ],
    "fourier_order": 6,
    "use_weekly": true
  },
  "metrics": {
    "rmse": 48.09147035892853,
    "mae": 28.16091392920387,
    "mape": 3.7291758374358905
  },
  "algorithm": "SARIMAX"
}