{
  "algorithm": "Binseg",
  "cpd_params": {
    "model": "rbf",
    "min_size": 28,
    "jump": 1,
    "pen": 3.0807751387916715
  },
  "original": {
    "n_detected": 1,
    "n_true": 2,
    "tp": 0,
    "tn": 363,
    "fp": 1,
    "fn": 2,
    "tp_rate": 0,
    "fp_rate": 0.0027472527472527475,
    "precision": 0.0,
    "recall": 0.0,
    "f1_score": 0.0,
    "gmean": 0.0,
    "covering": 0.21722181615676447,
    "rand_index": 0.4967437682461262
  },
  "residuals": {
    "n_detected": 7,
    "n_true": 2,
    "tp": 2,
    "tn": 359,
    "fp": 5,
    "fn": 0,
    "tp_rate": 1.0,
    "fp_rate": 0.013736263736263736,
    "precision": 0.2857142857142857,
    "recall": 1.0,
    "f1_score": 0.4444444444444445,
    "gmean": 0.993108119120842,
    "covering": 0.4513059183106419,
    "rand_index": 0.7804775806572348
  }
}