{
  "algorithm": "KernelCPD",
  "cpd_params": {
    "kernel": "rbf",
    "min_size": 28,
    "jump": 1,
    "pen": 0.2924017738212865
  },
  "original": {
    "n_detected": 9,
    "n_true": 3,
    "tp": 2,
    "tn": 356,
    "fp": 7,
    "fn": 1,
    "tp_rate": 0.6666666666666666,
    "fp_rate": 0.01928374655647383,
    "precision": 0.2222222222222222,
    "recall": 0.6666666666666666,
    "f1_score": 0.3333333333333333,
    "gmean": 0.8085857008561415,
    "covering": 0.45612652374947454,
    "rand_index": 0.7180777004266786
  },
  "residuals": {
    "n_detected": 9,
    "n_true": 3,
    "tp": 1,
    "tn": 355,
    "fp": 8,
    "fn": 2,
    "tp_rate": 0.3333333333333333,
    "fp_rate": 0.02203856749311295,
    "precision": 0.1111111111111111,
    "recall": 0.3333333333333333,
    "f1_score": 0.16666666666666666,
    "gmean": 0.5709528388308113,
    "covering": 0.36863746771571027,
    "rand_index": 0.6963545175537091
  }
}