{
  "count": 365,
  "mean": 165712844.40279147,
  "std": 163882627.68740925,
  "min": 325451.120002985,
  "max": 790836223.2648045,
  "median": 99487351.97011793
}