{
  "algorithm": "Pelt",
  "cpd_params": {
    "model": "rank",
    "min_size": 28,
    "jump": 1,
    "pen": 0.049999999999999996
  },
  "original": {
    "n_detected": 9,
    "n_true": 6,
    "tp": 2,
    "tn": 353,
    "fp": 7,
    "fn": 4,
    "tp_rate": 0.3333333333333333,
    "fp_rate": 0.019444444444444445,
    "precision": 0.2222222222222222,
    "recall": 0.3333333333333333,
    "f1_score": 0.26666666666666666,
    "gmean": 0.5717095869861304,
    "covering": 0.34711057661877337,
    "rand_index": 0.7603563140953664
  },
  "residuals": {
    "n_detected": 10,
    "n_true": 6,
    "tp": 2,
    "tn": 352,
    "fp": 8,
    "fn": 4,
    "tp_rate": 0.3333333333333333,
    "fp_rate": 0.022222222222222223,
    "precision": 0.2,
    "recall": 0.3333333333333333,
    "f1_score": 0.25,
    "gmean": 0.5708992257184502,
    "covering": 0.35022069193917693,
    "rand_index": 0.7483194849913916
  }
}