{
  "algorithm": "Pelt",
  "cpd_params": {
    "model": "l1",
    "min_size": 28,
    "jump": 1,
    "pen": 10.0
  },
  "original": {
    "n_detected": 0,
    "n_true": 2,
    "tp": 0,
    "tn": 364,
    "fp": 0,
    "fn": 2,
    "tp_rate": 0,
    "fp_rate": 0,
    "precision": 0.0,
    "recall": 0.0,
    "f1_score": 0.0,
    "gmean": 0.0,
    "covering": 0.1863597002000657,
    "rand_index": 0.34727150235796095
  },
  "residuals": {
    "n_detected": 7,
    "n_true": 2,
    "tp": 1,
    "tn": 358,
    "fp": 6,
    "fn": 1,
    "tp_rate": 0.5,
    "fp_rate": 0.016483516483516484,
    "precision": 0.14285714285714285,
    "recall": 0.5,
    "f1_score": 0.22222222222222224,
    "gmean": 0.701254762378297,
    "covering": 0.5710382513661202,
    "rand_index": 0.8199865259375702
  }
}