{
  "count": 365,
  "mean": 730509116.7229291,
  "std": 721732577.4965986,
  "min": 362119.17711925507,
  "max": 3025372658.2941732,
  "median": 468424459.3196316
}