{
  "count": 365,
  "mean": 170190229.86393932,
  "std": 161696202.93456,
  "min": 2796085.0163486004,
  "max": 1172422352.2595806,
  "median": 130403662.31739795
}