{
  "count": 365,
  "mean": 66368870.15794594,
  "std": 84374987.88214095,
  "min": 161682.4068197012,
  "max": 590005601.4158891,
  "median": 44900001.23457682
}