{
  "count": 366,
  "mean": 3.7014351528723575,
  "std": 19.913018527646823,
  "min": 0.0035200656027498667,
  "max": 345.4054610297256,
  "median": 1.174586929834292
}