{
  "count": 366,
  "mean": 2086.727927128276,
  "std": 2986.761741361612,
  "min": 0.0018480644144638347,
  "max": 13492.045529118934,
  "median": 227.64325816849848
}