{
  "count": 366,
  "mean": 2606.346956070661,
  "std": 2242.073981384997,
  "min": 5.183456273790796,
  "max": 16747.698575791856,
  "median": 2017.1652205439418
}