{
  "count": 365,
  "mean": 4295759528.774476,
  "std": 4036308370.381856,
  "min": 1328055.949860692,
  "max": 14607327968.292482,
  "median": 3048686789.3604937
}