{
  "count": 365,
  "mean": 132231035.33014464,
  "std": 173565358.28840148,
  "min": 40381.07864403725,
  "max": 1256481747.6170092,
  "median": 65991488.21565604
}