{
  "count": 365,
  "mean": 394422215.6326859,
  "std": 379480777.9626898,
  "min": 6474470.379665375,
  "max": 1520312453.1638126,
  "median": 225270270.3418858
}