{
  "best_params": {
    "trend_order": 2,
    "selected_lags": [
      1,
      2,
      3,
      4,
      5,
      6,
      7,
      8,
      9,
      11,
      13,
      14,
      17,
      18,
      20,
      22
    ],
    "fourier_order": 9,
    "use_weekly": true,
    "lasso_alpha": 10.0,
    "mlp_hidden": [
      64,
      32,
      128,
      64
    ],
    "mlp_lr": 0.001
  },
  "metrics": {
    "rmse": 3553.365645165126,
    "mae": 2032.2217356148844,
    "mape": 1.5891759636235916
  },
  "algorithm": "HybridLassoMLP"
}