{
  "best_params": {
    "trend_order": 2,
    "selected_lags": [
      1,
      2,
      3,
      4,
      5,
      6,
      7,
      9,
      10,
      21,
      22
    ],
    "fourier_order": 2,
    "use_weekly": false,
    "knn_neighbors": 5,
    "mlp_hidden": [
      64,
      32,
      128,
      64
    ],
    "mlp_lr": 0.01
  },
  "metrics": {
    "rmse": 1026908702.3855616,
    "mae": 730509116.7229291,
    "mape": 0.09710326984975284
  },
  "algorithm": "HybridKNNMLP"
}