{
  "count": 366,
  "mean": 63022.39017507095,
  "std": 54981.610827158394,
  "min": 78.627270541896,
  "max": 191944.2542748556,
  "median": 47083.681895666625
}