{
  "best_params": {
    "trend_order": 5,
    "selected_lags": [
      1,
      3,
      4,
      6,
      9,
      10,
      15,
      16,
      17,
      18,
      19
    ],
    "fourier_order": 8,
    "use_weekly": true
  },
  "metrics": {
    "rmse": 39186.967782199186,
    "mae": 29993.708661813063,
    "mape": 3.9452021296244316e+18
  },
  "algorithm": "LR"
}