{
  "count": 365,
  "mean": 229486294.39368653,
  "std": 135773821.53623232,
  "min": 197437.122092247,
  "max": 631617238.3558836,
  "median": 215301565.586401
}