{
  "count": 365,
  "mean": 506615465.8819704,
  "std": 467976508.67447877,
  "min": 6810851.311678529,
  "max": 2027028564.7589145,
  "median": 312810825.3961016
}