{
  "algorithm": "KernelCPD",
  "cpd_params": {
    "kernel": "rbf",
    "min_size": 28,
    "jump": 1,
    "pen": 3.0807751387916715
  },
  "original": {
    "n_detected": 4,
    "n_true": 4,
    "tp": 4,
    "tn": 361,
    "fp": 0,
    "fn": 0,
    "tp_rate": 1.0,
    "fp_rate": 0,
    "precision": 1.0,
    "recall": 1.0,
    "f1_score": 1.0,
    "gmean": 1.0,
    "covering": 0.9842868654311039,
    "rand_index": 0.9932259521300617
  },
  "residuals": {
    "n_detected": 3,
    "n_true": 4,
    "tp": 2,
    "tn": 360,
    "fp": 1,
    "fn": 2,
    "tp_rate": 0.5,
    "fp_rate": 0.002770083102493075,
    "precision": 0.6666666666666666,
    "recall": 0.5,
    "f1_score": 0.5714285714285715,
    "gmean": 0.7061267297367757,
    "covering": 0.20985135529000293,
    "rand_index": 0.8403883787445431
  }
}