{
  "algorithm": "Pelt",
  "cpd_params": {
    "model": "rbf",
    "min_size": 28,
    "jump": 1,
    "pen": 10.0
  },
  "original": {
    "n_detected": 4,
    "n_true": 4,
    "tp": 2,
    "tn": 359,
    "fp": 2,
    "fn": 2,
    "tp_rate": 0.5,
    "fp_rate": 0.00554016620498615,
    "precision": 0.5,
    "recall": 0.5,
    "f1_score": 0.5,
    "gmean": 0.7051453161565402,
    "covering": 0.7414279784142798,
    "rand_index": 0.8870992021676953
  },
  "residuals": {
    "n_detected": 3,
    "n_true": 4,
    "tp": 1,
    "tn": 359,
    "fp": 2,
    "fn": 3,
    "tp_rate": 0.25,
    "fp_rate": 0.00554016620498615,
    "precision": 0.3333333333333333,
    "recall": 0.25,
    "f1_score": 0.28571428571428575,
    "gmean": 0.4986130347762215,
    "covering": 0.3361905051180026,
    "rand_index": 0.8285413216920067
  }
}