{
  "count": 365,
  "mean": 196097104.369367,
  "std": 194439162.64266548,
  "min": 1212563.0050067902,
  "max": 1159123303.000949,
  "median": 128356565.7869873
}