{
  "count": 366,
  "mean": 3.1153259380483034,
  "std": 17.992488185925463,
  "min": 0.0015831120654885567,
  "max": 344.58622178129906,
  "median": 1.64341508103004
}