{
  "count": 366,
  "mean": 3053.13992412621,
  "std": 3246.826245303321,
  "min": 1.484561476308727,
  "max": 16778.82039857953,
  "median": 1874.3889788679303
}