{
  "best_params": {
    "trend_order": 5,
    "selected_lags": [
      1,
      3,
      4,
      6,
      9,
      10,
      15,
      16,
      17,
      18,
      19
    ],
    "fourier_order": 8,
    "use_weekly": true,
    "alpha": 1000.0
  },
  "metrics": {
    "rmse": 14705.430902574497,
    "mae": 12067.576293890997,
    "mape": 1.586842418878683e+18
  },
  "algorithm": "Lasso"
}