{
  "algorithm": "KernelCPD",
  "cpd_params": {
    "kernel": "rbf",
    "min_size": 28,
    "jump": 1,
    "pen": 0.2924017738212865
  },
  "original": {
    "n_detected": 9,
    "n_true": 3,
    "tp": 3,
    "tn": 357,
    "fp": 6,
    "fn": 0,
    "tp_rate": 1.0,
    "fp_rate": 0.01652892561983471,
    "precision": 0.3333333333333333,
    "recall": 1.0,
    "f1_score": 0.5,
    "gmean": 0.9917011013305195,
    "covering": 0.45612652374947454,
    "rand_index": 0.7180777004266786
  },
  "residuals": {
    "n_detected": 8,
    "n_true": 3,
    "tp": 1,
    "tn": 356,
    "fp": 7,
    "fn": 2,
    "tp_rate": 0.3333333333333333,
    "fp_rate": 0.01928374655647383,
    "precision": 0.125,
    "recall": 0.3333333333333333,
    "f1_score": 0.18181818181818182,
    "gmean": 0.5717564322458548,
    "covering": 0.4411849295369571,
    "rand_index": 0.7156972827307433
  }
}