{
  "best_params": {
    "trend_order": 5,
    "selected_lags": [
      1,
      3,
      4,
      6,
      9,
      10,
      15,
      16,
      17,
      18,
      19
    ],
    "fourier_order": 8,
    "use_weekly": true,
    "n_neighbors": 5
  },
  "metrics": {
    "rmse": 4429.790675768893,
    "mae": 3020.90816933229,
    "mape": 3.162914272189968e+17
  },
  "algorithm": "KNN"
}