{
  "algorithm": "Pelt",
  "cpd_params": {
    "model": "l1",
    "min_size": 28,
    "jump": 1,
    "pen": 0.5268051384453322
  },
  "original": {
    "n_detected": 10,
    "n_true": 6,
    "tp": 3,
    "tn": 353,
    "fp": 7,
    "fn": 3,
    "tp_rate": 0.5,
    "fp_rate": 0.019444444444444445,
    "precision": 0.3,
    "recall": 0.5,
    "f1_score": 0.37499999999999994,
    "gmean": 0.7001983845866668,
    "covering": 0.333449374432981,
    "rand_index": 0.7464930009731268
  },
  "residuals": {
    "n_detected": 10,
    "n_true": 6,
    "tp": 3,
    "tn": 353,
    "fp": 7,
    "fn": 3,
    "tp_rate": 0.5,
    "fp_rate": 0.019444444444444445,
    "precision": 0.3,
    "recall": 0.5,
    "f1_score": 0.37499999999999994,
    "gmean": 0.7001983845866668,
    "covering": 0.33761465651834505,
    "rand_index": 0.7504753349801632
  }
}