{
  "count": 366,
  "mean": 2085.0678725782786,
  "std": 2986.508433439257,
  "min": 0.03199999999999914,
  "max": 13488.62699568,
  "median": 225.89400002
}