{
  "best_params": {
    "trend_order": 3,
    "selected_lags": [
      1,
      2,
      3,
      4,
      5,
      6,
      7,
      8,
      13,
      14,
      15,
      17,
      19,
      20,
      22,
      24,
      26,
      28
    ],
    "fourier_order": 6,
    "use_weekly": true,
    "hidden_layer_sizes": [
      100,
      100,
      50,
      100,
      50,
      25,
      200,
      100
    ]
  },
  "metrics": {
    "rmse": 20.456000473933052,
    "mae": 3.871093549909655,
    "mape": 0.4233014107990229
  },
  "algorithm": "MLP"
}