{
  "count": 365,
  "mean": 285504101.86546767,
  "std": 224088856.25285256,
  "min": 254315.30652618408,
  "max": 1180947739.6891298,
  "median": 224194454.09150887
}