{
  "count": 365,
  "mean": 9539081421.160736,
  "std": 9335301476.160889,
  "min": 9848869.01805079,
  "max": 33688351653.027256,
  "median": 5894045361.963108
}