{
  "count": 365,
  "mean": 163599202.78732225,
  "std": 161477564.27840385,
  "min": 776642.5891952515,
  "max": 1184750395.9320793,
  "median": 118590162.90166783
}