{
  "count": 366,
  "mean": 3338980.579469101,
  "std": 3158325.1759495176,
  "min": 71676.3153235103,
  "max": 11147618.288939679,
  "median": 2220884.519329263
}