{
  "best_params": {
    "trend_order": 3,
    "selected_lags": [
      1,
      2,
      3,
      4,
      5,
      6,
      7,
      8,
      13,
      14,
      15,
      17,
      19,
      20,
      22,
      24,
      26,
      28
    ],
    "fourier_order": 6,
    "use_weekly": true
  },
  "metrics": {
    "rmse": 49.84151149835312,
    "mae": 25.129329685961665,
    "mape": 3.302898461799884
  },
  "algorithm": "ARIMA"
}