{
  "count": 365,
  "mean": 1923899292.961488,
  "std": 1775588901.4914951,
  "min": 4914.99922811985,
  "max": 6547825973.823549,
  "median": 1423494211.3437753
}