{
  "count": 365,
  "mean": 505991377.7454155,
  "std": 351098355.4187197,
  "min": 811178.0191230774,
  "max": 1700150094.2332287,
  "median": 443042569.5971147
}