{
  "algorithm": "KernelCPD",
  "cpd_params": {
    "kernel": "rbf",
    "min_size": 28,
    "jump": 1,
    "pen": 0.049999999999999996
  },
  "original": {
    "n_detected": 10,
    "n_true": 6,
    "tp": 2,
    "tn": 352,
    "fp": 8,
    "fn": 4,
    "tp_rate": 0.3333333333333333,
    "fp_rate": 0.022222222222222223,
    "precision": 0.2,
    "recall": 0.3333333333333333,
    "f1_score": 0.25,
    "gmean": 0.5708992257184502,
    "covering": 0.33121897407611695,
    "rand_index": 0.7454450183396961
  },
  "residuals": {
    "n_detected": 10,
    "n_true": 6,
    "tp": 2,
    "tn": 352,
    "fp": 8,
    "fn": 4,
    "tp_rate": 0.3333333333333333,
    "fp_rate": 0.022222222222222223,
    "precision": 0.2,
    "recall": 0.3333333333333333,
    "f1_score": 0.25,
    "gmean": 0.5708992257184502,
    "covering": 0.33114256631614397,
    "rand_index": 0.7485590238790328
  }
}