{
  "algorithm": "Window",
  "cpd_params": {
    "model": "rbf",
    "min_size": 28,
    "jump": 1,
    "pen": 0.049999999999999996,
    "width": 28
  },
  "original": {
    "n_detected": 6,
    "n_true": 3,
    "tp": 2,
    "tn": 359,
    "fp": 4,
    "fn": 1,
    "tp_rate": 0.6666666666666666,
    "fp_rate": 0.011019283746556474,
    "precision": 0.3333333333333333,
    "recall": 0.6666666666666666,
    "f1_score": 0.4444444444444444,
    "gmean": 0.8119855155741976,
    "covering": 0.5965205754432921,
    "rand_index": 0.7742345983980837
  },
  "residuals": {
    "n_detected": 5,
    "n_true": 3,
    "tp": 2,
    "tn": 360,
    "fp": 3,
    "fn": 1,
    "tp_rate": 0.6666666666666666,
    "fp_rate": 0.008264462809917356,
    "precision": 0.4,
    "recall": 0.6666666666666666,
    "f1_score": 0.5,
    "gmean": 0.8131156281817418,
    "covering": 0.61113047222532,
    "rand_index": 0.7869750729845049
  }
}