{
  "count": 365,
  "mean": 208612542.4671558,
  "std": 185444404.51175687,
  "min": 798468.3441774845,
  "max": 1035648903.1638463,
  "median": 157767452.26585126
}