{
  "algorithm": "KernelCPD",
  "cpd_params": {
    "kernel": "rbf",
    "min_size": 28,
    "jump": 1,
    "pen": 0.2924017738212865
  },
  "original": {
    "n_detected": 9,
    "n_true": 3,
    "tp": 3,
    "tn": 357,
    "fp": 6,
    "fn": 0,
    "tp_rate": 1.0,
    "fp_rate": 0.01652892561983471,
    "precision": 0.3333333333333333,
    "recall": 1.0,
    "f1_score": 0.5,
    "gmean": 0.9917011013305195,
    "covering": 0.45612652374947454,
    "rand_index": 0.7180777004266786
  },
  "residuals": {
    "n_detected": 11,
    "n_true": 3,
    "tp": 3,
    "tn": 355,
    "fp": 8,
    "fn": 0,
    "tp_rate": 1.0,
    "fp_rate": 0.02203856749311295,
    "precision": 0.2727272727272727,
    "recall": 1.0,
    "f1_score": 0.42857142857142855,
    "gmean": 0.9889193255806497,
    "covering": 0.32798037247685957,
    "rand_index": 0.6930159443072086
  }
}