{
  "algorithm": "Pelt",
  "cpd_params": {
    "model": "l1",
    "min_size": 28,
    "jump": 1,
    "pen": 10.0
  },
  "original": {
    "n_detected": 0,
    "n_true": 2,
    "tp": 0,
    "tn": 364,
    "fp": 0,
    "fn": 2,
    "tp_rate": 0,
    "fp_rate": 0,
    "precision": 0.0,
    "recall": 0.0,
    "f1_score": 0.0,
    "gmean": 0.0,
    "covering": 0.1863597002000657,
    "rand_index": 0.34727150235796095
  },
  "residuals": {
    "n_detected": 10,
    "n_true": 2,
    "tp": 2,
    "tn": 356,
    "fp": 8,
    "fn": 0,
    "tp_rate": 1.0,
    "fp_rate": 0.02197802197802198,
    "precision": 0.2,
    "recall": 1.0,
    "f1_score": 0.33333333333333337,
    "gmean": 0.9889499370655614,
    "covering": 0.3551912568306011,
    "rand_index": 0.7438880155700277
  }
}