{
  "count": 365,
  "mean": 166350803.8099637,
  "std": 188156992.30559653,
  "min": 78934.31824493408,
  "max": 1131065654.5388622,
  "median": 105785134.56282616
}