{
  "count": 366,
  "mean": 4.51694049120935,
  "std": 22.870729238991565,
  "min": 0.00012616947517507526,
  "max": 345.91776016331306,
  "median": 0.8105819534887546
}