{
  "best_params": {
    "trend_order": 2,
    "selected_lags": [
      1,
      2,
      3,
      4,
      5,
      6,
      7,
      9,
      10,
      21,
      22
    ],
    "fourier_order": 2,
    "use_weekly": false,
    "lasso_alpha": 10.0,
    "mlp_hidden": [
      64,
      32,
      128,
      64
    ],
    "mlp_lr": 0.001
  },
  "metrics": {
    "rmse": 395804630.55303687,
    "mae": 329905532.5506916,
    "mape": 0.048424008362235524
  },
  "algorithm": "HybridLassoMLP"
}