{
  "count": 365,
  "mean": 504039985.2138625,
  "std": 322118518.0617282,
  "min": 626501.9366197586,
  "max": 1665831863.3827558,
  "median": 464449157.31387925
}