{
  "algorithm": "Pelt",
  "cpd_params": {
    "model": "rbf",
    "min_size": 28,
    "jump": 1,
    "pen": 10.0
  },
  "original": {
    "n_detected": 3,
    "n_true": 3,
    "tp": 3,
    "tn": 362,
    "fp": 0,
    "fn": 0,
    "tp_rate": 1.0,
    "fp_rate": 0,
    "precision": 1.0,
    "recall": 1.0,
    "f1_score": 1.0,
    "gmean": 1.0,
    "covering": 1.0,
    "rand_index": 1.0
  },
  "residuals": {
    "n_detected": 4,
    "n_true": 3,
    "tp": 1,
    "tn": 359,
    "fp": 3,
    "fn": 2,
    "tp_rate": 0.3333333333333333,
    "fp_rate": 0.008287292817679558,
    "precision": 0.25,
    "recall": 0.3333333333333333,
    "f1_score": 0.28571428571428575,
    "gmean": 0.5749529566791589,
    "covering": 0.4612252663622527,
    "rand_index": 0.7909679361734157
  }
}