{
  "algorithm": "Window",
  "cpd_params": {
    "model": "rank",
    "min_size": 28,
    "jump": 1,
    "pen": 0.049999999999999996,
    "width": 28
  },
  "original": {
    "n_detected": 2,
    "n_true": 6,
    "tp": 1,
    "tn": 359,
    "fp": 1,
    "fn": 5,
    "tp_rate": 0.16666666666666666,
    "fp_rate": 0.002777777777777778,
    "precision": 0.5,
    "recall": 0.16666666666666666,
    "f1_score": 0.25,
    "gmean": 0.4076808846434962,
    "covering": 0.10723240115718419,
    "rand_index": 0.7121640841380343
  },
  "residuals": {
    "n_detected": 6,
    "n_true": 6,
    "tp": 1,
    "tn": 355,
    "fp": 5,
    "fn": 5,
    "tp_rate": 0.16666666666666666,
    "fp_rate": 0.013888888888888888,
    "precision": 0.16666666666666666,
    "recall": 0.16666666666666666,
    "f1_score": 0.16666666666666666,
    "gmean": 0.4054033199812896,
    "covering": 0.2854617823652432,
    "rand_index": 0.7412231454450183
  }
}