{
  "best_params": {
    "trend_order": 3,
    "selected_lags": [
      1,
      2,
      3,
      4,
      5,
      6,
      7,
      8,
      13,
      14,
      15,
      17,
      19,
      20,
      22,
      24,
      26,
      28
    ],
    "fourier_order": 6,
    "use_weekly": true,
    "lasso_alpha": 10.0,
    "mlp_hidden": [
      64,
      32,
      128,
      64
    ],
    "mlp_lr": 0.01
  },
  "metrics": {
    "rmse": 18.26019952850855,
    "mae": 3.1153259380483034,
    "mape": 0.2780453722838956
  },
  "algorithm": "HybridLassoMLP"
}