{
  "best_params": {
    "trend_order": 2,
    "selected_lags": [
      1,
      2,
      3,
      4,
      5,
      6,
      7,
      8,
      9,
      11,
      13,
      14,
      17,
      18,
      20,
      22
    ],
    "fourier_order": 9,
    "use_weekly": true,
    "xgb_depth": 5,
    "xgb_n_estimators": 200,
    "xgb_lr": 0.2
  },
  "metrics": {
    "rmse": 3644.05927419839,
    "mae": 2088.0113588594772,
    "mape": 0.8940031105902788
  },
  "algorithm": "HybridLRXGB"
}