{
  "algorithm": "Window",
  "cpd_params": {
    "model": "rbf",
    "min_size": 28,
    "jump": 1,
    "pen": 0.5268051384453322,
    "width": 28
  },
  "original": {
    "n_detected": 5,
    "n_true": 6,
    "tp": 1,
    "tn": 356,
    "fp": 4,
    "fn": 5,
    "tp_rate": 0.16666666666666666,
    "fp_rate": 0.011111111111111112,
    "precision": 0.2,
    "recall": 0.16666666666666666,
    "f1_score": 0.1818181818181818,
    "gmean": 0.40597390903211356,
    "covering": 0.2568839630584276,
    "rand_index": 0.7816004191930533
  },
  "residuals": {
    "n_detected": 5,
    "n_true": 6,
    "tp": 1,
    "tn": 356,
    "fp": 4,
    "fn": 5,
    "tp_rate": 0.16666666666666666,
    "fp_rate": 0.011111111111111112,
    "precision": 0.2,
    "recall": 0.16666666666666666,
    "f1_score": 0.1818181818181818,
    "gmean": 0.40597390903211356,
    "covering": 0.2568839630584276,
    "rand_index": 0.7816004191930533
  }
}