{
  "algorithm": "KernelCPD",
  "cpd_params": {
    "kernel": "rbf",
    "min_size": 28,
    "jump": 1,
    "pen": 0.2924017738212865
  },
  "original": {
    "n_detected": 9,
    "n_true": 3,
    "tp": 3,
    "tn": 357,
    "fp": 6,
    "fn": 0,
    "tp_rate": 1.0,
    "fp_rate": 0.01652892561983471,
    "precision": 0.3333333333333333,
    "recall": 1.0,
    "f1_score": 0.5,
    "gmean": 0.9917011013305195,
    "covering": 0.45612652374947454,
    "rand_index": 0.7180777004266786
  },
  "residuals": {
    "n_detected": 10,
    "n_true": 3,
    "tp": 2,
    "tn": 355,
    "fp": 8,
    "fn": 1,
    "tp_rate": 0.6666666666666666,
    "fp_rate": 0.02203856749311295,
    "precision": 0.2,
    "recall": 0.6666666666666666,
    "f1_score": 0.30769230769230765,
    "gmean": 0.8074492481499532,
    "covering": 0.39344262295081966,
    "rand_index": 0.6994535519125683
  }
}