{
  "algorithm": "BottomUp",
  "cpd_params": {
    "model": "rbf",
    "min_size": 28,
    "jump": 1,
    "pen": 3.0807751387916715
  },
  "original": {
    "n_detected": 4,
    "n_true": 4,
    "tp": 0,
    "tn": 357,
    "fp": 4,
    "fn": 4,
    "tp_rate": 0,
    "fp_rate": 0.0110803324099723,
    "precision": 0.0,
    "recall": 0.0,
    "f1_score": 0.0,
    "gmean": 0.0,
    "covering": 0.5349963213397331,
    "rand_index": 0.8455366551256962
  },
  "residuals": {
    "n_detected": 5,
    "n_true": 4,
    "tp": 0,
    "tn": 356,
    "fp": 5,
    "fn": 4,
    "tp_rate": 0,
    "fp_rate": 0.013850415512465374,
    "precision": 0.0,
    "recall": 0.0,
    "f1_score": 0.0,
    "gmean": 0.0,
    "covering": 0.5315070582949333,
    "rand_index": 0.827728435947614
  }
}