{
  "algorithm": "Pelt",
  "cpd_params": {
    "model": "rbf",
    "min_size": 28,
    "jump": 1,
    "pen": 3.0807751387916715
  },
  "original": {
    "n_detected": 4,
    "n_true": 4,
    "tp": 3,
    "tn": 360,
    "fp": 1,
    "fn": 1,
    "tp_rate": 0.75,
    "fp_rate": 0.002770083102493075,
    "precision": 0.75,
    "recall": 0.75,
    "f1_score": 0.75,
    "gmean": 0.8648250907976307,
    "covering": 0.9842868654311039,
    "rand_index": 0.9932259521300617
  },
  "residuals": {
    "n_detected": 4,
    "n_true": 4,
    "tp": 1,
    "tn": 358,
    "fp": 3,
    "fn": 3,
    "tp_rate": 0.25,
    "fp_rate": 0.008310249307479225,
    "precision": 0.25,
    "recall": 0.25,
    "f1_score": 0.25,
    "gmean": 0.49791810337959214,
    "covering": 0.9294077215103677,
    "rand_index": 0.9724672587686286
  }
}