{
  "count": 365,
  "mean": 504039951.31101894,
  "std": 322118503.3299216,
  "min": 626535.0644083023,
  "max": 1665831831.4986634,
  "median": 464449101.4297869
}