{
  "count": 366,
  "mean": 3.0045588401285497,
  "std": 18.084690471948882,
  "min": 0.025844911381314617,
  "max": 346.8089714272966,
  "median": 1.5166440652689483
}