{
  "count": 365,
  "mean": 71926461.99411313,
  "std": 93461665.54793684,
  "min": 231607.75270843506,
  "max": 515378479.95032597,
  "median": 33005161.608893394
}