{
  "algorithm": "Pelt",
  "cpd_params": {
    "model": "rbf",
    "min_size": 28,
    "jump": 1,
    "pen": 3.0807751387916715
  },
  "original": {
    "n_detected": 4,
    "n_true": 4,
    "tp": 4,
    "tn": 361,
    "fp": 0,
    "fn": 0,
    "tp_rate": 1.0,
    "fp_rate": 0,
    "precision": 1.0,
    "recall": 1.0,
    "f1_score": 1.0,
    "gmean": 1.0,
    "covering": 0.9842868654311039,
    "rand_index": 0.9932259521300617
  },
  "residuals": {
    "n_detected": 3,
    "n_true": 4,
    "tp": 1,
    "tn": 359,
    "fp": 2,
    "fn": 3,
    "tp_rate": 0.25,
    "fp_rate": 0.00554016620498615,
    "precision": 0.3333333333333333,
    "recall": 0.25,
    "f1_score": 0.28571428571428575,
    "gmean": 0.4986130347762215,
    "covering": 0.20985135529000293,
    "rand_index": 0.8403883787445431
  }
}