{
  "algorithm": "Pelt",
  "cpd_params": {
    "model": "rbf",
    "min_size": 28,
    "jump": 1,
    "pen": 3.0807751387916715
  },
  "original": {
    "n_detected": 4,
    "n_true": 4,
    "tp": 3,
    "tn": 360,
    "fp": 1,
    "fn": 1,
    "tp_rate": 0.75,
    "fp_rate": 0.002770083102493075,
    "precision": 0.75,
    "recall": 0.75,
    "f1_score": 0.75,
    "gmean": 0.8648250907976307,
    "covering": 0.9842868654311039,
    "rand_index": 0.9932259521300617
  },
  "residuals": {
    "n_detected": 6,
    "n_true": 4,
    "tp": 0,
    "tn": 355,
    "fp": 6,
    "fn": 4,
    "tp_rate": 0,
    "fp_rate": 0.01662049861495845,
    "precision": 0.0,
    "recall": 0.0,
    "f1_score": 0.0,
    "gmean": 0.0,
    "covering": 0.6723904368705627,
    "rand_index": 0.8744091524913443
  }
}