{
  "algorithm": "KernelCPD",
  "cpd_params": {
    "kernel": "rbf",
    "min_size": 28,
    "jump": 1,
    "pen": 3.0807751387916715
  },
  "original": {
    "n_detected": 1,
    "n_true": 2,
    "tp": 0,
    "tn": 363,
    "fp": 1,
    "fn": 2,
    "tp_rate": 0,
    "fp_rate": 0.0027472527472527475,
    "precision": 0.0,
    "recall": 0.0,
    "f1_score": 0.0,
    "gmean": 0.0,
    "covering": 0.21722181615676447,
    "rand_index": 0.4967437682461262
  },
  "residuals": {
    "n_detected": 5,
    "n_true": 2,
    "tp": 1,
    "tn": 360,
    "fp": 4,
    "fn": 1,
    "tp_rate": 0.5,
    "fp_rate": 0.01098901098901099,
    "precision": 0.2,
    "recall": 0.5,
    "f1_score": 0.28571428571428575,
    "gmean": 0.7032108464077431,
    "covering": 0.6925820490167207,
    "rand_index": 0.8803203832622202
  }
}