{
  "count": 365,
  "mean": 2203750961.1561475,
  "std": 817952241.0959342,
  "min": 13837398.180523872,
  "max": 4181745954.4816628,
  "median": 2162109398.8413997
}