{
  "count": 365,
  "mean": 329905532.5506916,
  "std": 218686179.62658408,
  "min": 2240568.468337059,
  "max": 1125321632.9579935,
  "median": 306115728.37020016
}