{
  "count": 366,
  "mean": 1619.9789673715848,
  "std": 2299.9882567944906,
  "min": 0.014727497136721723,
  "max": 11023.43142774627,
  "median": 510.37139759905267
}