{
  "count": 366,
  "mean": 1447.5001408591743,
  "std": 1948.8941906339785,
  "min": 0.0018559593865870028,
  "max": 8830.773947704532,
  "median": 569.9839056763619
}