{
  "count": 366,
  "mean": 3.871093549909655,
  "std": 20.086378222999713,
  "min": 0.015356220674078713,
  "max": 345.948235983199,
  "median": 1.3689541465270407
}