{
  "count": 366,
  "mean": 26942.209851621512,
  "std": 20439.962066651624,
  "min": 452.66268116683204,
  "max": 75320.47720040701,
  "median": 22400.423929078926
}