{
  "count": 366,
  "mean": 2.272685508367321,
  "std": 17.99075758533267,
  "min": 0.005901240191843016,
  "max": 345.25950180625716,
  "median": 1.1552150908387082
}