{
  "count": 365,
  "mean": 11497871152.877077,
  "std": 7989554611.71933,
  "min": 18600478.16308117,
  "max": 24830420046.779648,
  "median": 9895175237.206215
}