{
  "algorithm": "Pelt",
  "cpd_params": {
    "model": "rbf",
    "min_size": 28,
    "jump": 1,
    "pen": 3.0807751387916715
  },
  "original": {
    "n_detected": 4,
    "n_true": 4,
    "tp": 4,
    "tn": 361,
    "fp": 0,
    "fn": 0,
    "tp_rate": 1.0,
    "fp_rate": 0,
    "precision": 1.0,
    "recall": 1.0,
    "f1_score": 1.0,
    "gmean": 1.0,
    "covering": 0.9842868654311039,
    "rand_index": 0.9932259521300617
  },
  "residuals": {
    "n_detected": 5,
    "n_true": 4,
    "tp": 3,
    "tn": 359,
    "fp": 2,
    "fn": 1,
    "tp_rate": 0.75,
    "fp_rate": 0.00554016620498615,
    "precision": 0.6,
    "recall": 0.75,
    "f1_score": 0.6666666666666665,
    "gmean": 0.8636231095485232,
    "covering": 0.6080560991519895,
    "rand_index": 0.8542525967183502
  }
}