{
  "count": 366,
  "mean": 4965.975295855552,
  "std": 5740.929073269883,
  "min": 0.15058828492778353,
  "max": 26044.590888942665,
  "median": 3110.948978887593
}