{
  "best_params": {
    "trend_order": 1,
    "selected_lags": [
      1,
      2,
      3,
      4,
      5,
      6,
      7,
      8,
      12,
      13,
      14,
      15
    ],
    "fourier_order": 2,
    "use_weekly": true
  },
  "metrics": {
    "rmse": 2350651860.125294,
    "mae": 2203750961.1561475,
    "mape": 6.496874936792842
  },
  "algorithm": "SARIMAX"
}