{
  "count": 366,
  "mean": 28.16091392920387,
  "std": 38.98400246198014,
  "min": 0.13024298596844552,
  "max": 338.5476903484758,
  "median": 14.978340042137956
}