{
  "count": 366,
  "mean": 1520.3785307301498,
  "std": 2219.7854445882845,
  "min": 0.005282928879978499,
  "max": 10062.429875251779,
  "median": 431.9883425953048
}