{
  "count": 366,
  "mean": 25.129329685961665,
  "std": 43.04292111340391,
  "min": 0.0071029459019431584,
  "max": 356.8576575120574,
  "median": 14.837062694101292
}