{
  "count": 366,
  "mean": 8.560886613812716,
  "std": 18.96425214934146,
  "min": 0.03310133101985713,
  "max": 348.9654309607497,
  "median": 6.530164761641512
}