{
  "algorithm": "Window",
  "cpd_params": {
    "model": "cosine",
    "min_size": 28,
    "jump": 1,
    "pen": 0.049999999999999996,
    "width": 28
  },
  "original": {
    "n_detected": 1,
    "n_true": 4,
    "tp": 0,
    "tn": 360,
    "fp": 1,
    "fn": 4,
    "tp_rate": 0,
    "fp_rate": 0.002770083102493075,
    "precision": 0.0,
    "recall": 0.0,
    "f1_score": 0.0,
    "gmean": 0.0,
    "covering": 0.22176681248760313,
    "rand_index": 0.757775101610718
  },
  "residuals": {
    "n_detected": 0,
    "n_true": 4,
    "tp": 0,
    "tn": 361,
    "fp": 0,
    "fn": 4,
    "tp_rate": 0,
    "fp_rate": 0,
    "precision": 0.0,
    "recall": 0.0,
    "f1_score": 0.0,
    "gmean": 0.0,
    "covering": 0.10808782135485082,
    "rand_index": 0.260138491645341
  }
}