{
  "count": 365,
  "mean": 77568127.43125954,
  "std": 100904933.6500499,
  "min": 54466.26371657848,
  "max": 585941229.2332898,
  "median": 53417007.442008495
}