{
  "count": 366,
  "mean": 27235.692731979027,
  "std": 20719.643396247742,
  "min": 58.644152956570906,
  "max": 74985.72275542862,
  "median": 22795.737713640978
}