{
  "best_params": {
    "trend_order": 2,
    "selected_lags": [
      1,
      2,
      3,
      4,
      5,
      6,
      7,
      8,
      9,
      11,
      13,
      14,
      17,
      18,
      20,
      22
    ],
    "fourier_order": 9,
    "use_weekly": true,
    "kernel": "linear",
    "C": 0.1
  },
  "metrics": {
    "rmse": 2216.2762726169994,
    "mae": 1339.0063904862616,
    "mape": 9.204840147310886
  },
  "algorithm": "SVR"
}