{
  "algorithm": "Binseg",
  "cpd_params": {
    "model": "rbf",
    "min_size": 28,
    "jump": 1,
    "pen": 3.0807751387916715
  },
  "original": {
    "n_detected": 1,
    "n_true": 2,
    "tp": 0,
    "tn": 363,
    "fp": 1,
    "fn": 2,
    "tp_rate": 0,
    "fp_rate": 0.0027472527472527475,
    "precision": 0.0,
    "recall": 0.0,
    "f1_score": 0.0,
    "gmean": 0.0,
    "covering": 0.21722181615676447,
    "rand_index": 0.4967437682461262
  },
  "residuals": {
    "n_detected": 2,
    "n_true": 2,
    "tp": 0,
    "tn": 362,
    "fp": 2,
    "fn": 2,
    "tp_rate": 0,
    "fp_rate": 0.005494505494505495,
    "precision": 0.0,
    "recall": 0.0,
    "f1_score": 0.0,
    "gmean": 0.0,
    "covering": 0.406207477483315,
    "rand_index": 0.550625046784939
  }
}