{
  "count": 366,
  "mean": 2083.3119905347526,
  "std": 2985.6637859093494,
  "min": 0.004563844941405826,
  "max": 13485.519215152624,
  "median": 222.7519253069861
}