{
  "count": 365,
  "mean": 175978774.3305194,
  "std": 163017556.77373016,
  "min": 1078935.4931657314,
  "max": 1114877314.1556652,
  "median": 135235991.72566056
}