{
  "best_params": {
    "trend_order": 3,
    "selected_lags": [
      1,
      2,
      3,
      4,
      5,
      6,
      7,
      8,
      13,
      14,
      15,
      17,
      19,
      20,
      22,
      24,
      26,
      28
    ],
    "fourier_order": 6,
    "use_weekly": true,
    "lasso_alpha": 10.0,
    "xgb_depth": 7,
    "xgb_n_estimators": 100,
    "xgb_lr": 0.2
  },
  "metrics": {
    "rmse": 18.33257764991037,
    "mae": 3.0045588401285497,
    "mape": 0.2699641651796291
  },
  "algorithm": "HybridLassoXGB"
}