{
  "count": 366,
  "mean": 2.4906901706677593,
  "std": 17.940883678343816,
  "min": 0.004626666799998347,
  "max": 344.2363732882,
  "median": 1.3726266667999987
}