{
  "algorithm": "Binseg",
  "cpd_params": {
    "model": "rbf",
    "min_size": 28,
    "jump": 1,
    "pen": 1.7099759466766964
  },
  "original": {
    "n_detected": 5,
    "n_true": 4,
    "tp": 3,
    "tn": 359,
    "fp": 2,
    "fn": 1,
    "tp_rate": 0.75,
    "fp_rate": 0.00554016620498615,
    "precision": 0.6,
    "recall": 0.75,
    "f1_score": 0.6666666666666665,
    "gmean": 0.8636231095485232,
    "covering": 0.8418211120064464,
    "rand_index": 0.9407797681770285
  },
  "residuals": {
    "n_detected": 1,
    "n_true": 4,
    "tp": 0,
    "tn": 360,
    "fp": 1,
    "fn": 4,
    "tp_rate": 0,
    "fp_rate": 0.002770083102493075,
    "precision": 0.0,
    "recall": 0.0,
    "f1_score": 0.0,
    "gmean": 0.0,
    "covering": 0.20336110718825026,
    "rand_index": 0.7524762908324553
  }
}