{
  "algorithm": "Window",
  "cpd_params": {
    "model": "rank",
    "min_size": 28,
    "jump": 1,
    "pen": 10.0,
    "width": 28
  },
  "original": {
    "n_detected": 2,
    "n_true": 4,
    "tp": 2,
    "tn": 361,
    "fp": 0,
    "fn": 2,
    "tp_rate": 0.5,
    "fp_rate": 0,
    "precision": 1.0,
    "recall": 0.5,
    "f1_score": 0.6666666666666666,
    "gmean": 0.7071067811865476,
    "covering": 0.3318609465700341,
    "rand_index": 0.8041547493602288
  },
  "residuals": {
    "n_detected": 1,
    "n_true": 4,
    "tp": 0,
    "tn": 360,
    "fp": 1,
    "fn": 4,
    "tp_rate": 0,
    "fp_rate": 0.002770083102493075,
    "precision": 0.0,
    "recall": 0.0,
    "f1_score": 0.0,
    "gmean": 0.0,
    "covering": 0.1616887491578711,
    "rand_index": 0.6178684329369261
  }
}