{
  "count": 365,
  "mean": 190231291.12255743,
  "std": 190265063.75793228,
  "min": 550601.1291007996,
  "max": 1137406213.8739567,
  "median": 121491649.94748211
}