{
  "algorithm": "KernelCPD",
  "cpd_params": {
    "kernel": "rbf",
    "min_size": 28,
    "jump": 1,
    "pen": 3.0807751387916715
  },
  "original": {
    "n_detected": 4,
    "n_true": 4,
    "tp": 3,
    "tn": 360,
    "fp": 1,
    "fn": 1,
    "tp_rate": 0.75,
    "fp_rate": 0.002770083102493075,
    "precision": 0.75,
    "recall": 0.75,
    "f1_score": 0.75,
    "gmean": 0.8648250907976307,
    "covering": 0.9842868654311039,
    "rand_index": 0.9932259521300617
  },
  "residuals": {
    "n_detected": 5,
    "n_true": 4,
    "tp": 1,
    "tn": 357,
    "fp": 4,
    "fn": 3,
    "tp_rate": 0.25,
    "fp_rate": 0.0110803324099723,
    "precision": 0.2,
    "recall": 0.25,
    "f1_score": 0.22222222222222224,
    "gmean": 0.49722220072871537,
    "covering": 0.6080560991519895,
    "rand_index": 0.8542525967183502
  }
}