{
  "algorithm": "Window",
  "cpd_params": {
    "model": "rank",
    "min_size": 28,
    "jump": 1,
    "pen": 0.049999999999999996,
    "width": 28
  },
  "original": {
    "n_detected": 2,
    "n_true": 6,
    "tp": 1,
    "tn": 359,
    "fp": 1,
    "fn": 5,
    "tp_rate": 0.16666666666666666,
    "fp_rate": 0.002777777777777778,
    "precision": 0.5,
    "recall": 0.16666666666666666,
    "f1_score": 0.25,
    "gmean": 0.4076808846434962,
    "covering": 0.10723240115718419,
    "rand_index": 0.7121640841380343
  },
  "residuals": {
    "n_detected": 5,
    "n_true": 6,
    "tp": 1,
    "tn": 356,
    "fp": 4,
    "fn": 5,
    "tp_rate": 0.16666666666666666,
    "fp_rate": 0.011111111111111112,
    "precision": 0.2,
    "recall": 0.16666666666666666,
    "f1_score": 0.1818181818181818,
    "gmean": 0.40597390903211356,
    "covering": 0.11996059389519766,
    "rand_index": 0.7628714724155999
  }
}