{
  "best_params": {
    "trend_order": 2,
    "selected_lags": [
      1,
      2,
      3,
      4,
      5,
      6,
      7,
      8,
      9,
      11,
      13,
      14,
      17,
      18,
      20,
      22
    ],
    "fourier_order": 9,
    "use_weekly": true,
    "knn_neighbors": 7,
    "mlp_hidden": [
      64,
      32,
      128,
      64
    ],
    "mlp_lr": 0.001
  },
  "metrics": {
    "rmse": 3563.4274362397227,
    "mae": 2039.477985065101,
    "mape": 1.5758105603177526
  },
  "algorithm": "HybridKNNMLP"
}