{
  "best_params": {
    "trend_order": 5,
    "selected_lags": [
      1,
      3,
      4,
      6,
      9,
      10,
      15,
      16,
      17,
      18,
      19
    ],
    "fourier_order": 8,
    "use_weekly": true
  },
  "metrics": {
    "rmse": 4596064.536873733,
    "mae": 3338980.579469101,
    "mape": 4.0940221329694536e+20
  },
  "algorithm": "SARIMAX"
}