{
  "best_params": {
    "trend_order": 1,
    "selected_lags": [
      1,
      2,
      3,
      4,
      5,
      6,
      7,
      8,
      12,
      13,
      14,
      15
    ],
    "fourier_order": 2,
    "use_weekly": true
  },
  "metrics": {
    "rmse": 3095399365.138373,
    "mae": 2234111652.4335394,
    "mape": 11.192808174361309
  },
  "algorithm": "ARIMA"
}