{
  "count": 366,
  "mean": 12067.576293890997,
  "std": 8403.76703755601,
  "min": 92.73180182978012,
  "max": 37382.43313599168,
  "median": 10121.21752551697
}