{
  "best_params": {
    "trend_order": 1,
    "selected_lags": [
      1,
      2,
      3,
      4,
      5,
      6,
      7,
      8,
      12,
      13,
      14,
      15
    ],
    "fourier_order": 2,
    "use_weekly": true,
    "kernel": "linear",
    "C": 1000.0
  },
  "metrics": {
    "rmse": 221747452.41331795,
    "mae": 150387741.97630325,
    "mape": 0.47619676986442405
  },
  "algorithm": "SVR"
}