{
  "algorithm": "Window",
  "cpd_params": {
    "model": "rbf",
    "min_size": 28,
    "jump": 1,
    "pen": 0.049999999999999996,
    "width": 28
  },
  "original": {
    "n_detected": 6,
    "n_true": 3,
    "tp": 0,
    "tn": 357,
    "fp": 6,
    "fn": 3,
    "tp_rate": 0,
    "fp_rate": 0.01652892561983471,
    "precision": 0.0,
    "recall": 0.0,
    "f1_score": 0.0,
    "gmean": 0.0,
    "covering": 0.5965205754432921,
    "rand_index": 0.7742345983980837
  },
  "residuals": {
    "n_detected": 4,
    "n_true": 3,
    "tp": 0,
    "tn": 359,
    "fp": 4,
    "fn": 3,
    "tp_rate": 0,
    "fp_rate": 0.011019283746556474,
    "precision": 0.0,
    "recall": 0.0,
    "f1_score": 0.0,
    "gmean": 0.0,
    "covering": 0.5019737004554607,
    "rand_index": 0.7341717194400779
  }
}