{
  "count": 366,
  "mean": 3020.90816933229,
  "std": 3239.931984408078,
  "min": 14.265700683999967,
  "max": 17400.491116309,
  "median": 1831.967299371
}