{
  "count": 365,
  "mean": 100504007.23129734,
  "std": 155728687.7972173,
  "min": 20753.244585990906,
  "max": 1025934532.9577692,
  "median": 37247851.347239494
}