{
  "algorithm": "KernelCPD",
  "cpd_params": {
    "kernel": "rbf",
    "min_size": 28,
    "jump": 1,
    "pen": 0.2924017738212865
  },
  "original": {
    "n_detected": 9,
    "n_true": 3,
    "tp": 2,
    "tn": 356,
    "fp": 7,
    "fn": 1,
    "tp_rate": 0.6666666666666666,
    "fp_rate": 0.01928374655647383,
    "precision": 0.2222222222222222,
    "recall": 0.6666666666666666,
    "f1_score": 0.3333333333333333,
    "gmean": 0.8085857008561415,
    "covering": 0.45612652374947454,
    "rand_index": 0.7180777004266786
  },
  "residuals": {
    "n_detected": 9,
    "n_true": 3,
    "tp": 0,
    "tn": 354,
    "fp": 9,
    "fn": 3,
    "tp_rate": 0,
    "fp_rate": 0.024793388429752067,
    "precision": 0.0,
    "recall": 0.0,
    "f1_score": 0.0,
    "gmean": 0.0,
    "covering": 0.319801153612629,
    "rand_index": 0.6844075155325997
  }
}