{
  "count": 365,
  "mean": 16725402578.204582,
  "std": 15557639634.143375,
  "min": 740460.5613946915,
  "max": 55566415295.46884,
  "median": 11157941258.36184
}