{
  "algorithm": "Window",
  "cpd_params": {
    "model": "rbf",
    "min_size": 28,
    "jump": 1,
    "pen": 0.5268051384453322,
    "width": 28
  },
  "original": {
    "n_detected": 3,
    "n_true": 4,
    "tp": 3,
    "tn": 361,
    "fp": 0,
    "fn": 1,
    "tp_rate": 0.75,
    "fp_rate": 0,
    "precision": 1.0,
    "recall": 0.75,
    "f1_score": 0.8571428571428571,
    "gmean": 0.8660254037844386,
    "covering": 0.5130987554839288,
    "rand_index": 0.9430678910130965
  },
  "residuals": {
    "n_detected": 5,
    "n_true": 4,
    "tp": 1,
    "tn": 357,
    "fp": 4,
    "fn": 3,
    "tp_rate": 0.25,
    "fp_rate": 0.0110803324099723,
    "precision": 0.2,
    "recall": 0.25,
    "f1_score": 0.22222222222222224,
    "gmean": 0.49722220072871537,
    "covering": 0.5080945709356236,
    "rand_index": 0.8332982086406744
  }
}