{
  "algorithm": "Binseg",
  "cpd_params": {
    "model": "rbf",
    "min_size": 28,
    "jump": 1,
    "pen": 10.0
  },
  "original": {
    "n_detected": 3,
    "n_true": 3,
    "tp": 3,
    "tn": 362,
    "fp": 0,
    "fn": 0,
    "tp_rate": 1.0,
    "fp_rate": 0,
    "precision": 1.0,
    "recall": 1.0,
    "f1_score": 1.0,
    "gmean": 1.0,
    "covering": 0.9651766402307137,
    "rand_index": 0.9783983140147524
  },
  "residuals": {
    "n_detected": 4,
    "n_true": 3,
    "tp": 3,
    "tn": 361,
    "fp": 1,
    "fn": 0,
    "tp_rate": 1.0,
    "fp_rate": 0.0027624309392265192,
    "precision": 0.75,
    "recall": 1.0,
    "f1_score": 0.8571428571428571,
    "gmean": 0.9986178293325096,
    "covering": 0.7616438356164383,
    "rand_index": 0.876892970043655
  }
}