{
  "algorithm": "Pelt",
  "cpd_params": {
    "model": "rbf",
    "min_size": 28,
    "jump": 1,
    "pen": 10.0
  },
  "original": {
    "n_detected": 4,
    "n_true": 4,
    "tp": 3,
    "tn": 360,
    "fp": 1,
    "fn": 1,
    "tp_rate": 0.75,
    "fp_rate": 0.002770083102493075,
    "precision": 0.75,
    "recall": 0.75,
    "f1_score": 0.75,
    "gmean": 0.8648250907976307,
    "covering": 0.7414279784142798,
    "rand_index": 0.8870992021676953
  },
  "residuals": {
    "n_detected": 1,
    "n_true": 4,
    "tp": 1,
    "tn": 361,
    "fp": 0,
    "fn": 3,
    "tp_rate": 0.25,
    "fp_rate": 0,
    "precision": 1.0,
    "recall": 0.25,
    "f1_score": 0.4,
    "gmean": 0.5,
    "covering": 0.18435539623607733,
    "rand_index": 0.7393496914044859
  }
}