{
  "best_params": {
    "trend_order": 5,
    "selected_lags": [
      2,
      3,
      4,
      5
    ],
    "fourier_order": 8,
    "use_weekly": false,
    "lasso_alpha": 1.0,
    "mlp_hidden": [
      64,
      32,
      128,
      64
    ],
    "mlp_lr": 0.001
  },
  "metrics": {
    "rmse": 2620632596.6978755,
    "mae": 1921027301.5381203,
    "mape": 4.919450746272677
  },
  "algorithm": "HybridLassoMLP"
}