{
  "best_params": {
    "trend_order": 1,
    "selected_lags": [
      1,
      2,
      3,
      4,
      5,
      6,
      7,
      8,
      12,
      13,
      14,
      15
    ],
    "fourier_order": 2,
    "use_weekly": true,
    "lasso_alpha": 10.0,
    "xgb_depth": 5,
    "xgb_n_estimators": 200,
    "xgb_lr": 0.1
  },
  "metrics": {
    "rmse": 598177735.0463014,
    "mae": 504039951.31101894,
    "mape": 2.053180720332926
  },
  "algorithm": "HybridLassoXGB"
}