{
  "count": 366,
  "mean": 2039.477985065101,
  "std": 2922.0788219657597,
  "min": 0.013707660795427401,
  "max": 13460.289375595625,
  "median": 246.29208874318886
}