{
  "best_params": {
    "trend_order": 5,
    "selected_lags": [
      1,
      3,
      4,
      6,
      9,
      10,
      15,
      16,
      17,
      18,
      19
    ],
    "fourier_order": 8,
    "use_weekly": true,
    "learning_rate": "invscaling",
    "eta0": 0.001
  },
  "metrics": {
    "rmse": 3438.0139897071926,
    "mae": 2606.346956070661,
    "mape": 2.6268866425417088e+17
  },
  "algorithm": "SGD"
}