{
  "best_params": {
    "trend_order": 2,
    "selected_lags": [
      1,
      2,
      3,
      4,
      5,
      6,
      7,
      8,
      9,
      11,
      13,
      14,
      17,
      18,
      20,
      22
    ],
    "fourier_order": 9,
    "use_weekly": true,
    "alpha": 1.0
  },
  "metrics": {
    "rmse": 2690.538662928146,
    "mae": 1520.3785307301498,
    "mape": 4.10510913512031
  },
  "algorithm": "Lasso"
}