{
  "count": 365,
  "mean": 167937947.22500503,
  "std": 165007071.85362044,
  "min": 92099.92506575584,
  "max": 797369020.9868573,
  "median": 102992407.34497333
}