{
  "best_params": {
    "trend_order": 1,
    "selected_lags": [
      1,
      2,
      3,
      4,
      5,
      6,
      7,
      8,
      12,
      13,
      14,
      15
    ],
    "fourier_order": 2,
    "use_weekly": true,
    "learning_rate": "invscaling",
    "eta0": 0.01
  },
  "metrics": {
    "rmse": 239881747.59941244,
    "mae": 175978774.3305194,
    "mape": 0.5874164312643825
  },
  "algorithm": "SGD"
}