{
  "algorithm": "Binseg",
  "cpd_params": {
    "model": "rank",
    "min_size": 28,
    "jump": 1,
    "pen": 0.5268051384453322
  },
  "original": {
    "n_detected": 8,
    "n_true": 6,
    "tp": 2,
    "tn": 354,
    "fp": 6,
    "fn": 4,
    "tp_rate": 0.3333333333333333,
    "fp_rate": 0.016666666666666666,
    "precision": 0.25,
    "recall": 0.3333333333333333,
    "f1_score": 0.28571428571428575,
    "gmean": 0.5725188012439222,
    "covering": 0.3930264094198521,
    "rand_index": 0.7686204057189909
  },
  "residuals": {
    "n_detected": 10,
    "n_true": 6,
    "tp": 1,
    "tn": 351,
    "fp": 9,
    "fn": 5,
    "tp_rate": 0.16666666666666666,
    "fp_rate": 0.025,
    "precision": 0.1,
    "recall": 0.16666666666666666,
    "f1_score": 0.125,
    "gmean": 0.40311288741492746,
    "covering": 0.37426129712318684,
    "rand_index": 0.747660753050378
  }
}