{
  "count": 365,
  "mean": 1921027301.5381203,
  "std": 1782517689.5673764,
  "min": 2212233.7231907845,
  "max": 6508127237.354585,
  "median": 1440090008.7116947
}