{
  "algorithm": "KernelCPD",
  "cpd_params": {
    "kernel": "rbf",
    "min_size": 28,
    "jump": 1,
    "pen": 0.2924017738212865
  },
  "original": {
    "n_detected": 8,
    "n_true": 6,
    "tp": 1,
    "tn": 353,
    "fp": 7,
    "fn": 5,
    "tp_rate": 0.16666666666666666,
    "fp_rate": 0.019444444444444445,
    "precision": 0.125,
    "recall": 0.16666666666666666,
    "f1_score": 0.14285714285714288,
    "gmean": 0.40425972582725317,
    "covering": 0.36141665542948503,
    "rand_index": 0.7395164308705742
  },
  "residuals": {
    "n_detected": 8,
    "n_true": 6,
    "tp": 1,
    "tn": 353,
    "fp": 7,
    "fn": 5,
    "tp_rate": 0.16666666666666666,
    "fp_rate": 0.019444444444444445,
    "precision": 0.125,
    "recall": 0.16666666666666666,
    "f1_score": 0.14285714285714288,
    "gmean": 0.40425972582725317,
    "covering": 0.36141665542948503,
    "rand_index": 0.7395164308705742
  }
}