{
  "count": 365,
  "mean": 130586102.2954372,
  "std": 115060616.21842746,
  "min": 480186.7753856182,
  "max": 779878807.8819076,
  "median": 82877856.66562903
}