{
  "algorithm": "Pelt",
  "cpd_params": {
    "model": "rbf",
    "min_size": 28,
    "jump": 1,
    "pen": 10.0
  },
  "original": {
    "n_detected": 3,
    "n_true": 3,
    "tp": 3,
    "tn": 362,
    "fp": 0,
    "fn": 0,
    "tp_rate": 1.0,
    "fp_rate": 0,
    "precision": 1.0,
    "recall": 1.0,
    "f1_score": 1.0,
    "gmean": 1.0,
    "covering": 1.0,
    "rand_index": 1.0
  },
  "residuals": {
    "n_detected": 5,
    "n_true": 3,
    "tp": 2,
    "tn": 359,
    "fp": 3,
    "fn": 1,
    "tp_rate": 0.6666666666666666,
    "fp_rate": 0.008287292817679558,
    "precision": 0.4,
    "recall": 0.6666666666666666,
    "f1_score": 0.5,
    "gmean": 0.8131062690621771,
    "covering": 0.4452054794520548,
    "rand_index": 0.7920216769531838
  }
}