{
  "algorithm": "Binseg",
  "cpd_params": {
    "model": "rank",
    "min_size": 28,
    "jump": 1,
    "pen": 0.5268051384453322
  },
  "original": {
    "n_detected": 8,
    "n_true": 6,
    "tp": 2,
    "tn": 354,
    "fp": 6,
    "fn": 4,
    "tp_rate": 0.3333333333333333,
    "fp_rate": 0.016666666666666666,
    "precision": 0.25,
    "recall": 0.3333333333333333,
    "f1_score": 0.28571428571428575,
    "gmean": 0.5725188012439222,
    "covering": 0.3930264094198521,
    "rand_index": 0.7686204057189909
  },
  "residuals": {
    "n_detected": 7,
    "n_true": 6,
    "tp": 2,
    "tn": 355,
    "fp": 5,
    "fn": 4,
    "tp_rate": 0.3333333333333333,
    "fp_rate": 0.013888888888888888,
    "precision": 0.2857142857142857,
    "recall": 0.3333333333333333,
    "f1_score": 0.30769230769230765,
    "gmean": 0.5733268733486193,
    "covering": 0.3524868561234296,
    "rand_index": 0.7656261696234749
  }
}