{
  "algorithm": "Binseg",
  "cpd_params": {
    "model": "rbf",
    "min_size": 28,
    "jump": 1,
    "pen": 10.0
  },
  "original": {
    "n_detected": 3,
    "n_true": 3,
    "tp": 3,
    "tn": 362,
    "fp": 0,
    "fn": 0,
    "tp_rate": 1.0,
    "fp_rate": 0,
    "precision": 1.0,
    "recall": 1.0,
    "f1_score": 1.0,
    "gmean": 1.0,
    "covering": 0.9651766402307137,
    "rand_index": 0.9783983140147524
  },
  "residuals": {
    "n_detected": 5,
    "n_true": 3,
    "tp": 1,
    "tn": 358,
    "fp": 4,
    "fn": 2,
    "tp_rate": 0.3333333333333333,
    "fp_rate": 0.011049723756906077,
    "precision": 0.2,
    "recall": 0.3333333333333333,
    "f1_score": 0.25,
    "gmean": 0.5741516281271275,
    "covering": 0.562259281318245,
    "rand_index": 0.7975011290079783
  }
}