{
  "algorithm": "Window",
  "cpd_params": {
    "model": "l2",
    "min_size": 28,
    "jump": 1,
    "pen": 0.049999999999999996,
    "width": 28
  },
  "original": {
    "n_detected": 6,
    "n_true": 3,
    "tp": 2,
    "tn": 359,
    "fp": 4,
    "fn": 1,
    "tp_rate": 0.6666666666666666,
    "fp_rate": 0.011019283746556474,
    "precision": 0.3333333333333333,
    "recall": 0.6666666666666666,
    "f1_score": 0.4444444444444444,
    "gmean": 0.8119855155741976,
    "covering": 0.5910560945689751,
    "rand_index": 0.7717793247997604
  },
  "residuals": {
    "n_detected": 5,
    "n_true": 3,
    "tp": 0,
    "tn": 358,
    "fp": 5,
    "fn": 3,
    "tp_rate": 0,
    "fp_rate": 0.013774104683195593,
    "precision": 0.0,
    "recall": 0.0,
    "f1_score": 0.0,
    "gmean": 0.0,
    "covering": 0.5603765580438433,
    "rand_index": 0.7561943259225989
  }
}