{
  "best_params": {
    "trend_order": 2,
    "selected_lags": [
      1,
      2,
      3,
      4,
      5,
      6,
      7,
      8,
      9,
      11,
      13,
      14,
      17,
      18,
      20,
      22
    ],
    "fourier_order": 9,
    "use_weekly": true,
    "n_neighbors": 3
  },
  "metrics": {
    "rmse": 3642.353724758472,
    "mae": 2085.0678725782786,
    "mape": 0.7500672359894894
  },
  "algorithm": "KNN"
}