{
  "algorithm": "Pelt",
  "cpd_params": {
    "model": "l1",
    "min_size": 28,
    "jump": 1,
    "pen": 0.5268051384453322
  },
  "original": {
    "n_detected": 10,
    "n_true": 6,
    "tp": 2,
    "tn": 352,
    "fp": 8,
    "fn": 4,
    "tp_rate": 0.3333333333333333,
    "fp_rate": 0.022222222222222223,
    "precision": 0.2,
    "recall": 0.3333333333333333,
    "f1_score": 0.25,
    "gmean": 0.5708992257184502,
    "covering": 0.333449374432981,
    "rand_index": 0.7464930009731268
  },
  "residuals": {
    "n_detected": 10,
    "n_true": 6,
    "tp": 1,
    "tn": 351,
    "fp": 9,
    "fn": 5,
    "tp_rate": 0.16666666666666666,
    "fp_rate": 0.025,
    "precision": 0.1,
    "recall": 0.16666666666666666,
    "f1_score": 0.125,
    "gmean": 0.40311288741492746,
    "covering": 0.3330102643627234,
    "rand_index": 0.7426603787708661
  }
}