{
  "algorithm": "KernelCPD",
  "cpd_params": {
    "kernel": "rbf",
    "min_size": 28,
    "jump": 1,
    "pen": 3.0807751387916715
  },
  "original": {
    "n_detected": 4,
    "n_true": 4,
    "tp": 4,
    "tn": 361,
    "fp": 0,
    "fn": 0,
    "tp_rate": 1.0,
    "fp_rate": 0,
    "precision": 1.0,
    "recall": 1.0,
    "f1_score": 1.0,
    "gmean": 1.0,
    "covering": 0.9842868654311039,
    "rand_index": 0.9932259521300617
  },
  "residuals": {
    "n_detected": 6,
    "n_true": 4,
    "tp": 4,
    "tn": 359,
    "fp": 2,
    "fn": 0,
    "tp_rate": 1.0,
    "fp_rate": 0.00554016620498615,
    "precision": 0.6666666666666666,
    "recall": 1.0,
    "f1_score": 0.8,
    "gmean": 0.997226069552443,
    "covering": 0.6723904368705627,
    "rand_index": 0.8744091524913443
  }
}