{
  "best_params": {
    "trend_order": 2,
    "selected_lags": [
      1,
      2,
      3,
      4,
      5,
      6,
      7,
      9,
      10,
      21,
      22
    ],
    "fourier_order": 2,
    "use_weekly": false,
    "xgb_depth": 5,
    "xgb_n_estimators": 200,
    "xgb_lr": 0.1
  },
  "metrics": {
    "rmse": 266643000.90026444,
    "mae": 229486294.39368653,
    "mape": 0.03425805074716774
  },
  "algorithm": "HybridLRXGB"
}