{
  "algorithm": "Window",
  "cpd_params": {
    "model": "rank",
    "min_size": 28,
    "jump": 1,
    "pen": 10.0,
    "width": 28
  },
  "original": {
    "n_detected": 2,
    "n_true": 4,
    "tp": 1,
    "tn": 360,
    "fp": 1,
    "fn": 3,
    "tp_rate": 0.25,
    "fp_rate": 0.002770083102493075,
    "precision": 0.5,
    "recall": 0.25,
    "f1_score": 0.3333333333333333,
    "gmean": 0.49930699897395464,
    "covering": 0.3318609465700341,
    "rand_index": 0.8041547493602288
  },
  "residuals": {
    "n_detected": 1,
    "n_true": 4,
    "tp": 1,
    "tn": 361,
    "fp": 0,
    "fn": 3,
    "tp_rate": 0.25,
    "fp_rate": 0,
    "precision": 1.0,
    "recall": 0.25,
    "f1_score": 0.4,
    "gmean": 0.5,
    "covering": 0.11811992453449266,
    "rand_index": 0.4160018064127653
  }
}