{
  "count": 365,
  "mean": 151606009.63607407,
  "std": 163442454.95603952,
  "min": 183039.3045809269,
  "max": 1282749690.640829,
  "median": 104592154.44696414
}