{
  "count": 366,
  "mean": 1339.0063904862616,
  "std": 1766.052774636719,
  "min": 0.05499513037480064,
  "max": 8972.406026951738,
  "median": 527.5808688090287
}