{
  "algorithm": "BottomUp",
  "cpd_params": {
    "model": "rbf",
    "min_size": 28,
    "jump": 1,
    "pen": 0.9491175455796848
  },
  "original": {
    "n_detected": 5,
    "n_true": 4,
    "tp": 1,
    "tn": 357,
    "fp": 4,
    "fn": 3,
    "tp_rate": 0.25,
    "fp_rate": 0.0110803324099723,
    "precision": 0.2,
    "recall": 0.25,
    "f1_score": 0.22222222222222224,
    "gmean": 0.49722220072871537,
    "covering": 0.7352955868508521,
    "rand_index": 0.8826132771338251
  },
  "residuals": {
    "n_detected": 6,
    "n_true": 4,
    "tp": 1,
    "tn": 356,
    "fp": 5,
    "fn": 3,
    "tp_rate": 0.25,
    "fp_rate": 0.013850415512465374,
    "precision": 0.16666666666666666,
    "recall": 0.25,
    "f1_score": 0.2,
    "gmean": 0.49652532273982125,
    "covering": 0.5412585199693051,
    "rand_index": 0.8286015354508505
  }
}