{
  "algorithm": "Binseg",
  "cpd_params": {
    "model": "rbf",
    "min_size": 28,
    "jump": 1,
    "pen": 1.7099759466766964
  },
  "original": {
    "n_detected": 5,
    "n_true": 4,
    "tp": 4,
    "tn": 360,
    "fp": 1,
    "fn": 0,
    "tp_rate": 1.0,
    "fp_rate": 0.002770083102493075,
    "precision": 0.8,
    "recall": 1.0,
    "f1_score": 0.888888888888889,
    "gmean": 0.9986139979479093,
    "covering": 0.8418211120064464,
    "rand_index": 0.9407797681770285
  },
  "residuals": {
    "n_detected": 6,
    "n_true": 4,
    "tp": 4,
    "tn": 359,
    "fp": 2,
    "fn": 0,
    "tp_rate": 1.0,
    "fp_rate": 0.00554016620498615,
    "precision": 0.6666666666666666,
    "recall": 1.0,
    "f1_score": 0.8,
    "gmean": 0.997226069552443,
    "covering": 0.6636012649043054,
    "rand_index": 0.8713984645491495
  }
}