{
  "algorithm": "Binseg",
  "cpd_params": {
    "model": "rbf",
    "min_size": 28,
    "jump": 1,
    "pen": 0.5268051384453322
  },
  "original": {
    "n_detected": 7,
    "n_true": 3,
    "tp": 0,
    "tn": 356,
    "fp": 7,
    "fn": 3,
    "tp_rate": 0,
    "fp_rate": 0.01928374655647383,
    "precision": 0.0,
    "recall": 0.0,
    "f1_score": 0.0,
    "gmean": 0.0,
    "covering": 0.6009352669188734,
    "rand_index": 0.7624672505427053
  },
  "residuals": {
    "n_detected": 9,
    "n_true": 3,
    "tp": 1,
    "tn": 355,
    "fp": 8,
    "fn": 2,
    "tp_rate": 0.3333333333333333,
    "fp_rate": 0.02203856749311295,
    "precision": 0.1111111111111111,
    "recall": 0.3333333333333333,
    "f1_score": 0.16666666666666666,
    "gmean": 0.5709528388308113,
    "covering": 0.37248013017926546,
    "rand_index": 0.6931207425705517
  }
}