{
  "best_params": {
    "trend_order": 3,
    "selected_lags": [
      1,
      2,
      3,
      4,
      5,
      6,
      7,
      8,
      13,
      14,
      15,
      17,
      19,
      20,
      22,
      24,
      26,
      28
    ],
    "fourier_order": 6,
    "use_weekly": true,
    "learning_rate": "invscaling",
    "eta0": 0.001
  },
  "metrics": {
    "rmse": 20.254108942960805,
    "mae": 3.7014351528723575,
    "mape": 0.40888637424403323
  },
  "algorithm": "SGD"
}