{
  "count": 366,
  "mean": 1.8563423604964904,
  "std": 18.03482994744293,
  "min": 0.00319585635498143,
  "max": 345.9785068116577,
  "median": 0.7355351963043213
}