{
  "count": 366,
  "mean": 1330.7421680225661,
  "std": 1699.4481457553384,
  "min": 0.01909228014594344,
  "max": 8806.980411082097,
  "median": 544.1099768341783
}