{
  "count": 366,
  "mean": 1823.8444198905388,
  "std": 2431.052594040648,
  "min": 0.07133814257212645,
  "max": 10419.160995335116,
  "median": 733.0661914921304
}