{
  "count": 366,
  "mean": 2032.2217356148844,
  "std": 2914.87259164688,
  "min": 0.09283745129762355,
  "max": 13406.271149524686,
  "median": 238.97991140179803
}