{
  "best_params": {
    "trend_order": 5,
    "selected_lags": [
      1,
      3,
      4,
      6,
      9,
      10,
      15,
      16,
      17,
      18,
      19
    ],
    "fourier_order": 8,
    "use_weekly": true,
    "hidden_layer_sizes": [
      100,
      100,
      50,
      100,
      50,
      25,
      200,
      100
    ]
  },
  "metrics": {
    "rmse": 4582.347478993969,
    "mae": 3444.7340459479033,
    "mape": 1.6001454035929296e+17
  },
  "algorithm": "MLP"
}