{
  "algorithm": "Binseg",
  "cpd_params": {
    "model": "rank",
    "min_size": 28,
    "jump": 1,
    "pen": 10.0
  },
  "original": {
    "n_detected": 5,
    "n_true": 3,
    "tp": 2,
    "tn": 360,
    "fp": 3,
    "fn": 1,
    "tp_rate": 0.6666666666666666,
    "fp_rate": 0.008264462809917356,
    "precision": 0.4,
    "recall": 0.6666666666666666,
    "f1_score": 0.5,
    "gmean": 0.8131156281817418,
    "covering": 0.4878545611804195,
    "rand_index": 0.7429747735608953
  },
  "residuals": {
    "n_detected": 2,
    "n_true": 3,
    "tp": 0,
    "tn": 361,
    "fp": 2,
    "fn": 3,
    "tp_rate": 0,
    "fp_rate": 0.005509641873278237,
    "precision": 0.0,
    "recall": 0.0,
    "f1_score": 0.0,
    "gmean": 0.0,
    "covering": 0.0194495041489577,
    "rand_index": 0.7280035930833146
  }
}