{
  "algorithm": "Pelt",
  "cpd_params": {
    "model": "l1",
    "min_size": 28,
    "jump": 1,
    "pen": 3.0807751387916715
  },
  "original": {
    "n_detected": 10,
    "n_true": 3,
    "tp": 2,
    "tn": 355,
    "fp": 8,
    "fn": 1,
    "tp_rate": 0.6666666666666666,
    "fp_rate": 0.02203856749311295,
    "precision": 0.2,
    "recall": 0.6666666666666666,
    "f1_score": 0.30769230769230765,
    "gmean": 0.8074492481499532,
    "covering": 0.3915366649039309,
    "rand_index": 0.6999775432292836
  },
  "residuals": {
    "n_detected": 12,
    "n_true": 3,
    "tp": 2,
    "tn": 353,
    "fp": 10,
    "fn": 1,
    "tp_rate": 0.6666666666666666,
    "fp_rate": 0.027548209366391185,
    "precision": 0.16666666666666666,
    "recall": 0.6666666666666666,
    "f1_score": 0.26666666666666666,
    "gmean": 0.8051715306416014,
    "covering": 0.3029880246482967,
    "rand_index": 0.6858297776779699
  }
}