{
  "best_params": {
    "trend_order": 1,
    "selected_lags": [
      1,
      2,
      3,
      4,
      5,
      6,
      7,
      8,
      12,
      13,
      14,
      15
    ],
    "fourier_order": 2,
    "use_weekly": true,
    "alpha": 1000.0
  },
  "metrics": {
    "rmse": 234755993.28791353,
    "mae": 170190229.86393932,
    "mape": 0.5737948114505552
  },
  "algorithm": "Lasso"
}