{
  "algorithm": "BottomUp",
  "cpd_params": {
    "model": "rbf",
    "min_size": 28,
    "jump": 1,
    "pen": 0.049999999999999996
  },
  "original": {
    "n_detected": 7,
    "n_true": 3,
    "tp": 0,
    "tn": 356,
    "fp": 7,
    "fn": 3,
    "tp_rate": 0,
    "fp_rate": 0.01928374655647383,
    "precision": 0.0,
    "recall": 0.0,
    "f1_score": 0.0,
    "gmean": 0.0,
    "covering": 0.3672238870282234,
    "rand_index": 0.7008159293360281
  },
  "residuals": {
    "n_detected": 6,
    "n_true": 3,
    "tp": 0,
    "tn": 357,
    "fp": 6,
    "fn": 3,
    "tp_rate": 0,
    "fp_rate": 0.01652892561983471,
    "precision": 0.0,
    "recall": 0.0,
    "f1_score": 0.0,
    "gmean": 0.0,
    "covering": 0.2816407780612604,
    "rand_index": 0.68910846620256
  }
}