{
  "count": 366,
  "mean": 14.03124162422403,
  "std": 30.442169611427754,
  "min": 6.674705293185923e-05,
  "max": 347.8033916418295,
  "median": 3.920930383140252
}