{
  "algorithm": "BottomUp",
  "cpd_params": {
    "model": "clinear",
    "min_size": 28,
    "jump": 1,
    "pen": 5.550473077848112
  },
  "original": {
    "n_detected": 5,
    "n_true": 6,
    "tp": 1,
    "tn": 356,
    "fp": 4,
    "fn": 5,
    "tp_rate": 0.16666666666666666,
    "fp_rate": 0.011111111111111112,
    "precision": 0.2,
    "recall": 0.16666666666666666,
    "f1_score": 0.1818181818181818,
    "gmean": 0.40597390903211356,
    "covering": 0.0367801597309794,
    "rand_index": 0.7550714873867804
  },
  "residuals": {
    "n_detected": 3,
    "n_true": 6,
    "tp": 1,
    "tn": 358,
    "fp": 2,
    "fn": 5,
    "tp_rate": 0.16666666666666666,
    "fp_rate": 0.005555555555555556,
    "precision": 0.3333333333333333,
    "recall": 0.16666666666666666,
    "f1_score": 0.2222222222222222,
    "gmean": 0.40711268801247247,
    "covering": 0.0367801597309794,
    "rand_index": 0.8501085410584625
  }
}