{
  "best_params": {
    "trend_order": 1,
    "selected_lags": [
      1,
      2,
      3,
      4,
      5,
      6,
      7,
      8,
      12,
      13,
      14,
      15
    ],
    "fourier_order": 2,
    "use_weekly": true,
    "max_depth": 8,
    "n_estimators": 500,
    "learning_rate": 0.05
  },
  "metrics": {
    "rmse": 185344219.420493,
    "mae": 100504007.23129734,
    "mape": 0.4794480237269674
  },
  "algorithm": "XGB"
}