{
  "best_params": {
    "trend_order": 3,
    "selected_lags": [
      1,
      2,
      3,
      4,
      5,
      6,
      7,
      8,
      13,
      14,
      15,
      17,
      19,
      20,
      22,
      24,
      26,
      28
    ],
    "fourier_order": 6,
    "use_weekly": true,
    "max_depth": 2,
    "n_estimators": 50,
    "learning_rate": 0.05
  },
  "metrics": {
    "rmse": 18.130115779899423,
    "mae": 1.8563423604964904,
    "mape": 0.12385084513481522
  },
  "algorithm": "XGB"
}