{
  "count": 366,
  "mean": 1965.926254861272,
  "std": 1382.503774429982,
  "min": 65.71614572375006,
  "max": 9199.94871949375,
  "median": 1564.3084480462499
}