{
  "count": 365,
  "mean": 202121962.599653,
  "std": 185762275.1201993,
  "min": 826822.5666408539,
  "max": 1087348991.266759,
  "median": 145371460.59799004
}