{
  "count": 365,
  "mean": 1496093860.5581796,
  "std": 1324921828.4275784,
  "min": 9362294.163124323,
  "max": 4939871086.03791,
  "median": 1002102930.2355244
}