{
  "count": 365,
  "mean": 112442348.25283805,
  "std": 103285702.33779784,
  "min": 1224017.3815873861,
  "max": 725261467.0565258,
  "median": 71970770.28354216
}