{
  "algorithm": "Binseg",
  "cpd_params": {
    "model": "l1",
    "min_size": 28,
    "jump": 1,
    "pen": 0.049999999999999996
  },
  "original": {
    "n_detected": 10,
    "n_true": 6,
    "tp": 3,
    "tn": 353,
    "fp": 7,
    "fn": 3,
    "tp_rate": 0.5,
    "fp_rate": 0.019444444444444445,
    "precision": 0.3,
    "recall": 0.5,
    "f1_score": 0.37499999999999994,
    "gmean": 0.7001983845866668,
    "covering": 0.333449374432981,
    "rand_index": 0.7475709259675125
  },
  "residuals": {
    "n_detected": 9,
    "n_true": 6,
    "tp": 2,
    "tn": 353,
    "fp": 7,
    "fn": 4,
    "tp_rate": 0.3333333333333333,
    "fp_rate": 0.019444444444444445,
    "precision": 0.2222222222222222,
    "recall": 0.3333333333333333,
    "f1_score": 0.26666666666666666,
    "gmean": 0.5717095869861304,
    "covering": 0.3739916731720011,
    "rand_index": 0.7541732165581256
  }
}