{
  "count": 366,
  "mean": 2.5150890013139686,
  "std": 17.933542411920904,
  "min": 0.0018336381113162048,
  "max": 344.1191663168887,
  "median": 1.4427580288886848
}