{
  "best_params": {
    "trend_order": 2,
    "selected_lags": [
      1,
      2,
      3,
      4,
      5,
      6,
      7,
      8,
      9,
      11,
      13,
      14,
      17,
      18,
      20,
      22
    ],
    "fourier_order": 9,
    "use_weekly": true,
    "learning_rate": "invscaling",
    "eta0": 0.001
  },
  "metrics": {
    "rmse": 2427.6419060632065,
    "mae": 1447.5001408591743,
    "mape": 5.192223482949249
  },
  "algorithm": "SGD"
}