{
  "count": 365,
  "mean": 202131502.48361987,
  "std": 185761436.38164288,
  "min": 814730.881518364,
  "max": 1087386597.5278645,
  "median": 145400595.2096777
}