{
  "count": 365,
  "mean": 2234111652.4335394,
  "std": 2142485088.433458,
  "min": 4126398.222579181,
  "max": 7492285702.080771,
  "median": 1444082409.8920307
}