{
  "best_params": {
    "trend_order": 2,
    "selected_lags": [
      1,
      2,
      3,
      4,
      5,
      6,
      7,
      8,
      9,
      11,
      13,
      14,
      17,
      18,
      20,
      22
    ],
    "fourier_order": 9,
    "use_weekly": true,
    "C": 1.0
  },
  "metrics": {
    "rmse": 2158.4713845369038,
    "mae": 1330.7421680225661,
    "mape": 10.690852143647062
  },
  "algorithm": "LSVR"
}